-- Adminer 3.6.1 MySQL dump

SET NAMES utf8;
SET foreign_key_checks = 0;
SET time_zone = 'Asia/Tokyo';
SET sql_mode = 'NO_AUTO_VALUE_ON_ZERO';

DROP TABLE IF EXISTS `function`;
CREATE TABLE `function` (
  `id` int(10) unsigned NOT NULL AUTO_INCREMENT,
  `function_group_id` int(10) unsigned NOT NULL DEFAULT '0',
  `name` varchar(128) NOT NULL DEFAULT '',
  `path` varchar(128) NOT NULL DEFAULT '',
  `is_in_menu` tinyint(1) unsigned NOT NULL DEFAULT '0',
  `sequence` int(10) unsigned NOT NULL DEFAULT '0',
  `lastup_account_id` int(10) unsigned NOT NULL DEFAULT '0',
  `create_datetime` datetime NOT NULL DEFAULT '0000-00-00 00:00:00',
  `lastup_datetime` datetime NOT NULL DEFAULT '0000-00-00 00:00:00',
  `disable` tinyint(1) unsigned NOT NULL DEFAULT '0',
  PRIMARY KEY (`id`),
  KEY `function_group_id` (`function_group_id`),
  KEY `is_in_menu` (`is_in_menu`)
) ENGINE=InnoDB DEFAULT CHARSET=utf8;

INSERT INTO `function` (`id`, `function_group_id`, `name`, `path`, `is_in_menu`, `sequence`, `lastup_account_id`, `create_datetime`, `lastup_datetime`, `disable`) VALUES
(1,	1,	'学生カルテ',	'staff/student/student_search_list',	1,	1,	2000,	'2018-03-30 18:09:56',	'2018-03-30 18:09:56',	0),
(2,	1,	'クラス名簿出力',	'staff/curriculum/class_list_output',	1,	2,	2000,	'2018-03-30 18:09:56',	'2018-03-30 18:09:56',	0),
(3,	1,	'卒業・修了証出力',	'staff/export_graduated_certificate/search',	1,	3,	2000,	'2018-03-30 18:09:56',	'2018-03-30 18:09:56',	0),
(4,	1,	'褒章管理',	'',	0,	0,	2000,	'2018-03-30 18:09:56',	'2018-03-30 18:09:56',	0),
(5,	1,	'進路情報検索',	'',	0,	0,	2000,	'2018-03-30 18:09:56',	'2018-03-30 18:09:56',	1),
(6,	1,	'自己評価チェック',	'',	0,	0,	2000,	'2018-03-30 18:09:56',	'2018-03-30 18:09:56',	1),
(7,	2,	'入学生CSV一括登録',	'staff/admission/bulk_register',	0,	1,	2000,	'2018-03-30 18:09:56',	'2018-03-30 18:09:56',	1),
(8,	2,	'合格通知書発行',	'staff/admission/issue_passing_certificate',	0,	2,	2000,	'2018-03-30 18:09:56',	'2018-03-30 18:09:56',	1),
(9,	2,	'入国管理情報確認',	'staff/admission/confirm_for_immigration_bureau',	0,	4,	2000,	'2018-03-30 18:09:56',	'2018-03-30 18:09:56',	1),
(10,	2,	'在留資格認定証明書交付申請',	'staff/admission/apply_residence_status',	0,	5,	2000,	'2018-03-30 18:09:56',	'2018-03-30 18:09:56',	1),
(11,	2,	'入学許可証発行',	'staff/admission/issue_acceptance_letter',	0,	6,	2000,	'2018-03-30 18:09:56',	'2018-03-30 18:09:56',	1),
(12,	2,	'入学プレースメントテスト',	'staff/placement_exam',	0,	10,	2000,	'2018-03-30 18:09:56',	'2018-03-30 18:09:56',	1),
(13,	2,	'申請番号付与',	'staff/student/student_application_no_list',	0,	3,	2000,	'2018-03-30 18:09:56',	'2018-03-30 18:09:56',	1),
(15,	2,	'中長期在留者の受け入れ情報',	'staff/admission/grant_residence',	0,	7,	2000,	'2018-03-30 18:09:56',	'2018-03-30 18:09:56',	1),
(16,	2,	'請求書発行',	'staff/admission/issue_invoice',	0,	8,	2000,	'2018-03-30 18:09:56',	'2018-03-30 18:09:56',	1),
(17,	2,	'入金確認',	'staff/admission/confirm_payment',	0,	9,	2000,	'2018-03-30 18:09:56',	'2018-03-30 18:09:56',	1),
(18,	3,	'出席状況',	'staff/school_record/attendance_list',	1,	1,	2000,	'2018-03-30 18:09:56',	'2018-03-30 18:09:56',	0),
(19,	3,	'出欠訂正一覧',	'staff/school_record/correct_attendance_list',	1,	2,	2000,	'2018-03-30 18:09:56',	'2018-03-30 18:09:56',	0),
(20,	3,	'出席率ランキング',	'staff/export/ranking_attendance_rate',	1,	3,	2000,	'2018-03-30 18:09:56',	'2018-03-30 18:09:56',	0),
(21,	4,	'出欠訂正承認一覧',	'staff/school_record/correct_attendance_approval_list',	1,	1,	2000,	'2018-03-30 18:09:56',	'2018-03-30 18:09:56',	0),
(22,	4,	'強制退学・除籍',	'',	0,	0,	2000,	'2018-03-30 18:09:56',	'2018-03-30 18:09:56',	0),
(23,	5,	'届出・申請書',	'staff/application/search_student',	1,	1,	2000,	'2018-03-30 18:09:56',	'2018-03-30 18:09:56',	0),
(24,	5,	'申請状況一覧',	'staff/application/narrow_down',	1,	2,	2000,	'2018-03-30 18:09:56',	'2018-03-30 18:09:56',	0),
(25,	5,	'各種証明書出力一覧',	'staff/report/certificates_output_list',	1,	3,	2000,	'2018-03-30 18:09:56',	'2018-03-30 18:09:56',	0),
(26,	6,	'年間カレンダー',	'staff/event/calendar_in_year',	1,	1,	2000,	'2018-03-30 18:09:56',	'2018-03-30 18:09:56',	0),
(27,	6,	'お知らせ編集',	'staff/notice/show',	1,	2,	2000,	'2018-03-30 18:09:56',	'2018-03-30 18:09:56',	0),
(28,	7,	'成績一覧',	'staff/school_record/result_list',	1,	1,	2000,	'2018-03-30 18:09:56',	'2018-03-30 18:09:56',	0),
(29,	7,	'期末テスト結果',	'staff/school_record/term_end_exam_list',	1,	2,	2000,	'2018-03-30 18:09:56',	'2018-03-30 18:09:56',	0),
(30,	7,	'まとめテスト結果',	'staff/school_record/term_middle_exam_list',	1,	3,	2000,	'2018-03-30 18:09:56',	'2018-03-30 18:09:56',	0),
(31,	7,	'クラスアップテスト',	'',	0,	0,	2000,	'2018-03-30 18:09:56',	'2018-03-30 18:09:56',	0),
(32,	7,	'入学プレースメントテスト',	'',	0,	0,	2000,	'2018-03-30 18:09:56',	'2018-03-30 18:09:56',	1),
(33,	7,	'外部テスト結果',	'staff/school_record/external_test_result_list',	1,	5,	2000,	'2018-03-30 18:09:56',	'2018-03-30 18:09:56',	0),
(34,	8,	'テスト問題管理',	'staff/exam_test',	1,	1,	2000,	'2018-03-30 18:09:56',	'2018-03-30 18:09:56',	0),
(35,	8,	'動画コンテンツ管理',	'staff/video_content/show',	1,	2,	2000,	'2018-03-30 18:09:56',	'2018-03-30 18:09:56',	0),
(36,	8,	'マークシート管理',	'staff/marksheet_exam',	1,	3,	2000,	'2018-03-30 18:09:56',	'2018-03-30 18:09:56',	0),
(37,	8,	'宿題',	'',	0,	4,	2000,	'2018-03-30 18:09:56',	'2018-03-30 18:09:56',	0),
(38,	7,	'動画の学習状況',	'staff/video_content/list_student_video',	1,	4,	2000,	'2018-03-30 18:09:56',	'2018-03-30 18:09:56',	0),
(39,	9,	'職員名簿',	'staff/staff/staff_list',	1,	1,	2000,	'2018-03-30 18:09:56',	'2018-03-30 18:09:56',	0),
(40,	9,	'勤怠管理(月別)',	'staff/attendance_list/attendance_list_monthly',	1,	2,	2000,	'2018-03-30 18:09:56',	'2018-03-30 18:09:56',	0),
(41,	9,	'勤怠管理(日別)',	'staff/attendance_list/attendance_list_daily',	1,	3,	2000,	'2018-03-30 18:09:56',	'2018-03-30 18:09:56',	0),
(42,	9,	'エージェント情報',	'staff/agent/show',	1,	4,	2000,	'2018-03-30 18:09:56',	'2018-03-30 18:09:56',	0),
(43,	9,	'自己評価チェック',	'',	0,	0,	2000,	'2018-03-30 18:09:56',	'2018-03-30 18:09:56',	1),
(44,	10,	'職員面談',	'',	0,	0,	2000,	'2018-03-30 18:09:56',	'2018-03-30 18:09:56',	0),
(45,	10,	'給与明細',	'',	0,	0,	2000,	'2018-03-30 18:09:56',	'2018-03-30 18:09:56',	0),
(46,	10,	'源泉徴収',	'',	0,	0,	2000,	'2018-03-30 18:09:56',	'2018-03-30 18:09:56',	0),
(47,	10,	'コマ給定義',	'',	0,	0,	2000,	'2018-03-30 18:09:56',	'2018-03-30 18:09:56',	0),
(48,	11,	'レベル一覧',	'staff/curriculum/level_list',	1,	1,	2000,	'2018-03-30 18:09:56',	'2018-03-30 18:09:56',	0),
(49,	11,	'クラス編成',	'staff/curriculum/bulk_class_create',	1,	2,	2000,	'2018-03-30 18:09:56',	'2018-03-30 18:09:56',	0),
(50,	11,	'シフト希望',	'staff/curriculum/shift_request_list',	1,	3,	2000,	'2018-03-30 18:09:56',	'2018-03-30 18:09:56',	0),
(51,	11,	'シフト作成',	'staff/curriculum/create_class_shift',	1,	4,	2000,	'2018-03-30 18:09:56',	'2018-03-30 18:09:56',	0),
(52,	11,	'クラス分',	'staff/curriculum/student_classify_top',	1,	5,	2000,	'2018-03-30 18:09:56',	'2018-03-30 18:09:56',	0),
(53,	12,	'月次締め処理',	'staff/export/attendance_rate',	1,	1,	2000,	'2018-03-30 18:09:56',	'2018-03-30 18:09:56',	0),
(54,	12,	'出席率更新',	'staff/attendance_rate/update_attendance_rate',	1,	2,	2000,	'2018-03-30 18:09:56',	'2018-03-30 18:09:56',	0),
(55,	12,	'イベント種別管理',	'staff/event/show',	1,	3,	2000,	'2018-03-30 18:09:56',	'2018-03-30 18:09:56',	0),
(56,	12,	'年間カレンダー編集',	'staff/event/calendar_management',	1,	4,	2000,	'2018-03-30 18:09:56',	'2018-05-17 20:27:42',	0),
(57,	12,	'休校日管理',	'staff/event/event_holiday_calendar',	1,	5,	2000,	'2018-03-30 18:09:56',	'2018-03-30 18:09:56',	0),
(58,	12,	'シフト表アップロード',	'staff/upload_pdf/upload_class_shift_pdf',	1,	6,	2000,	'2018-03-30 18:09:56',	'2018-03-30 18:09:56',	0),
(59,	12,	'各種帳票管理※テンプレートの入れ替え＆印刷',	'',	0,	0,	2000,	'2018-03-30 18:09:56',	'2018-03-30 18:09:56',	0),
(60,	12,	'お知らせ編集',	'',	0,	0,	2000,	'2018-03-30 18:09:56',	'2018-03-30 18:09:56',	1),
(61,	12,	'進学学校編集',	'',	0,	0,	2000,	'2018-03-30 18:09:56',	'2018-03-30 18:09:56',	1),
(62,	12,	'連続欠席学生更新',	'staff/attendance_rate/update_absent_continuity',	1,	8,	2000,	'2018-03-30 18:09:56',	'2018-03-30 18:09:56',	0),
(63,	13,	'パスワード再設定',	'staff/account/forgot_password',	1,	2,	2000,	'2018-03-30 18:09:56',	'2018-03-30 18:09:56',	0),
(64,	13,	'権限設定画面',	'staff/account/authority_setting',	1,	3,	2000,	'2018-03-30 18:09:56',	'2018-03-30 18:09:56',	0),
(75,	13,	'タブレットアプリケーション管理',	'staff/tablet_application_update/show',	0,	0,	2000,	'2018-03-30 18:09:56',	'2018-03-30 18:09:56',	0),
(76,	13,	'ヘルプ文言管理',	'staff/helper/show',	1,	1,	2000,	'2018-03-30 18:09:56',	'2018-03-30 18:09:56',	0),
(82,	13,	'出席インポート',	'staff/import/class_attendance',	0,	0,	2000,	'2018-03-30 18:09:56',	'2018-03-30 18:09:56',	1),
(83,	2,	'資格外活動許可申請',	'staff/admission/permission_engage_other_activity',	0,	11,	2000,	'2018-03-30 18:09:56',	'2018-03-30 18:09:56',	1),
(84,	2,	'在留資格更新',	'staff/admission/update_residence_status',	0,	12,	2000,	'2018-03-30 18:09:56',	'2018-03-30 18:09:56',	1),
(85,	12,	'帳票登録',	'staff/template/manage',	0,	9,	2000,	'2018-03-30 18:09:56',	'2018-03-30 18:09:56',	1),
(86,	1,	'学生カルテ詳細(基本)',	'staff/student/student_chart_detail',	0,	0,	2000,	'2018-03-30 18:09:56',	'2018-03-30 18:09:56',	0),
(87,	1,	'学生カルテ詳細(基本)',	'staff/student/student_chart_additional_editing',	0,	0,	2000,	'2018-03-30 18:09:56',	'2018-03-30 18:09:56',	0),
(88,	1,	'学生カルテ詳細(入国管理情報)',	'staff/student/immigration_control',	0,	0,	2000,	'2018-03-30 18:09:56',	'2018-03-30 18:09:56',	0),
(89,	1,	'学生カルテ詳細(入国管理情報)',	'staff/student/immigration_control_editing',	0,	0,	2000,	'2018-03-30 18:09:56',	'2018-03-30 18:09:56',	0),
(90,	1,	'学生カルテ詳細(成績情報)',	'staff/student/achievement_info',	0,	0,	2000,	'2018-03-30 18:09:56',	'2018-03-30 18:09:56',	0),
(91,	1,	'学生カルテ詳細(成績情報)',	'staff/student/achievement_edit',	0,	0,	2000,	'2018-03-30 18:09:56',	'2018-03-30 18:09:56',	0),
(92,	1,	'学生カルテ詳細(資格及び検定)',	'staff/student/get_qualification_and_certification_detail',	0,	0,	2000,	'2018-03-30 18:09:56',	'2018-03-30 18:09:56',	0),
(93,	1,	'学生カルテ詳細(出席情報)',	'staff/student/attendance_rate',	0,	0,	2000,	'2018-03-30 18:09:56',	'2018-03-30 18:09:56',	0),
(94,	1,	'学生カルテ詳細(面談履歴)',	'staff/student/interview_record',	0,	0,	2000,	'2018-03-30 18:09:56',	'2018-03-30 18:09:56',	0),
(95,	1,	'学生カルテ詳細(面談履歴)',	'staff/student/interview_record_add',	0,	0,	2000,	'2018-03-30 18:09:56',	'2018-03-30 18:09:56',	0),
(96,	1,	'学生カルテ詳細(作品集)',	'staff/student/art_work',	0,	0,	2000,	'2018-03-30 18:09:56',	'2018-03-30 18:09:56',	0),
(97,	1,	'学生カルテ詳細(賞罰)',	'staff/student/prize_and_punishment',	0,	0,	2000,	'2018-03-30 18:09:56',	'2018-03-30 18:09:56',	0),
(98,	1,	'学生カルテ詳細画面',	'staff/student/manage_dropout',	0,	0,	2000,	'2018-03-30 18:09:56',	'2018-03-30 18:09:56',	0),
(99,	1,	'クラス編成',	'staff/curriculum/export_excel',	0,	0,	2000,	'2018-03-30 18:09:56',	'2018-03-30 18:09:56',	0),
(100,	2,	'',	'staff/admission/download_grant_residence_csv',	0,	0,	2000,	'2018-03-30 18:09:56',	'2018-03-30 18:09:56',	0),
(101,	2,	'請求書管理・編集 ',	'staff/admission/add_issue_invoice',	0,	0,	2000,	'2018-03-30 18:09:56',	'2018-03-30 18:09:56',	0),
(102,	2,	'テスト問題作成',	'staff/placement_exam/create',	0,	0,	2000,	'2018-03-30 18:09:56',	'2018-03-30 18:09:56',	0),
(103,	2,	'テスト編集',	'staff/placement_exam/exam_get',	0,	0,	2000,	'2018-03-30 18:09:56',	'2018-03-30 18:09:56',	0),
(104,	2,	'正答入力',	'staff/placement_exam/load_list',	0,	0,	2000,	'2018-03-30 18:09:56',	'2018-03-30 18:09:56',	0),
(105,	2,	'テスト管理',	'staff/placement_exam/manage_score',	0,	0,	2000,	'2018-03-30 18:09:56',	'2018-03-30 18:09:56',	0),
(106,	2,	'テスト学生リスト',	'staff/placement_exam/get_student_list_exam',	0,	0,	2000,	'2018-03-30 18:09:56',	'2018-03-30 18:09:56',	0),
(107,	2,	'テスト問題作成',	'staff/placement_exam/copy_exam',	0,	0,	2000,	'2018-03-30 18:09:56',	'2018-03-30 18:09:56',	0),
(108,	2,	'新規テンプレートダウンロード',	'staff/admission/bulk_register_download_student_result',	0,	0,	2000,	'2018-03-30 18:09:56',	'2018-03-30 18:09:56',	0),
(110,	3,	'出欠訂正確認画面',	'staff/school_record/correct_attendance_modify_reason',	0,	0,	2000,	'2018-03-30 18:09:56',	'2018-03-30 18:09:56',	0),
(111,	3,	'出欠訂正確認画面',	'staff/school_record/update_correct_attendance_modify_reason',	0,	0,	2000,	'2018-03-30 18:09:56',	'2018-03-30 18:09:56',	0),
(113,	3,	'出席一覧更新',	'staff/school_record/update_attendance_list',	0,	0,	2000,	'2018-03-30 18:09:56',	'2018-03-30 18:09:56',	0),
(114,	3,	'出席一覧EXCEL出力',	'staff/school_record/export_attendance_list_to_excel',	0,	0,	2000,	'2018-03-30 18:09:56',	'2018-03-30 18:09:56',	0),
(115,	5,	'公欠願',	'staff/application/official_absence',	0,	0,	2000,	'2018-03-30 18:09:56',	'2018-03-30 18:09:56',	0),
(116,	5,	'一時帰国届',	'staff/application/temporary_return',	0,	0,	2000,	'2018-03-30 18:09:56',	'2018-03-30 18:09:56',	0),
(117,	5,	'個人情報変更届',	'staff/application/personal_information_change',	0,	0,	2000,	'2018-03-30 18:09:56',	'2018-03-30 18:09:56',	0),
(118,	5,	'クラス移動申請書入力画面',	'staff/application/change_class',	0,	0,	2000,	'2018-03-30 18:09:56',	'2018-03-30 18:09:56',	0),
(119,	5,	'退学届入力画面',	'staff/application/withdrawal_notification',	0,	0,	2000,	'2018-03-30 18:09:56',	'2018-03-30 18:09:56',	0),
(120,	5,	'休学届',	'staff/application/temporary_absence',	0,	0,	2000,	'2018-03-30 18:09:56',	'2018-03-30 18:09:56',	0),
(121,	5,	'証明書発行願入力画面',	'staff/application/issue_certificate',	0,	0,	2000,	'2018-03-30 18:09:56',	'2018-03-30 18:09:56',	0),
(122,	5,	'公欠願',	'staff/application/absence_request',	0,	0,	2000,	'2018-03-30 18:09:56',	'2018-03-30 18:09:56',	0),
(123,	5,	'各種証明書出力一覧',	'staff/report/certificate_output',	0,	0,	2000,	'2018-03-30 18:09:56',	'2018-03-30 18:09:56',	0),
(124,	7,	'外部テスト管理',	'staff/school_record/external_test_result_modify',	0,	0,	2000,	'2018-03-30 18:09:56',	'2018-03-30 18:09:56',	0),
(125,	7,	'成績一覧画面',	'staff/school_record/export_result_list_csv',	0,	0,	2000,	'2018-03-30 18:09:56',	'2018-03-30 18:09:56',	0),
(126,	7,	'期末テスト一覧画面',	'staff/school_record/export_term_end_exam_csv',	0,	0,	2000,	'2018-03-30 18:09:56',	'2018-03-30 18:09:56',	0),
(127,	7,	'期末テスト編集画面',	'staff/school_record/term_end_exam_modify',	0,	0,	2000,	'2018-03-30 18:09:56',	'2018-03-30 18:09:56',	0),
(128,	7,	'まとめテスト一覧画面',	'staff/school_record/export_term_middle_exam_csv',	0,	0,	2000,	'2018-03-30 18:09:56',	'2018-03-30 18:09:56',	0),
(129,	7,	'外部テスト管理',	'staff/school_record/export_external_test_result_csv',	0,	0,	2000,	'2018-03-30 18:09:56',	'2018-03-30 18:09:56',	0),
(130,	7,	'まとめテスト編集画面',	'staff/school_record/term_middle_exam_modify',	0,	0,	2000,	'2018-03-30 18:09:56',	'2018-03-30 18:09:56',	0),
(131,	8,	'テスト問題作成',	'staff/exam_test/create',	0,	0,	2000,	'2018-03-30 18:09:56',	'2018-03-30 18:09:56',	0),
(132,	8,	'正答入力',	'staff/exam_test/load_list',	0,	0,	2000,	'2018-03-30 18:09:56',	'2018-03-30 18:09:56',	0),
(133,	8,	'テスト編集',	'staff/exam_test/exam_get',	0,	0,	2000,	'2018-03-30 18:09:56',	'2018-03-30 18:09:56',	0),
(134,	8,	'テストクラスリスト',	'staff/exam_test/get_class_list_exam',	0,	0,	2000,	'2018-03-30 18:09:56',	'2018-03-30 18:09:56',	0),
(135,	8,	'動画コンテンツ編集',	'staff/video_content/edit',	0,	0,	2000,	'2018-03-30 18:09:56',	'2018-03-30 18:09:56',	0),
(136,	8,	'テスト編集',	'staff/video_content/video_exam_get',	0,	0,	2000,	'2018-03-30 18:09:56',	'2018-03-30 18:09:56',	0),
(137,	8,	'正答入力',	'staff/video_content/load_list',	0,	0,	2000,	'2018-03-30 18:09:56',	'2018-03-30 18:09:56',	0),
(138,	8,	'動画コンテンツ登録',	'staff/video_content/add',	0,	0,	2000,	'2018-03-30 18:09:56',	'2018-03-30 18:09:56',	0),
(139,	8,	'動画コンテンツ登録',	'staff/video_content/edit_public_class',	0,	0,	2000,	'2018-03-30 18:09:56',	'2018-03-30 18:09:56',	0),
(140,	8,	'公開クラス設定',	'staff/video_content/set_up_public_class',	0,	0,	2000,	'2018-03-30 18:09:56',	'2018-03-30 18:09:56',	0),
(141,	8,	'テスト問題作成',	'staff/marksheet_exam/create',	0,	0,	2000,	'2018-03-30 18:09:56',	'2018-03-30 18:09:56',	0),
(142,	8,	'テスト編集',	'staff/marksheet_exam/exam_get',	0,	0,	2000,	'2018-03-30 18:09:56',	'2018-03-30 18:09:56',	0),
(143,	8,	'点数換算表設定',	'staff/marksheet_exam/score_converting_table',	0,	0,	2000,	'2018-03-30 18:09:56',	'2018-03-30 18:09:56',	0),
(144,	8,	'テスト学生リスト',	'staff/exam_test/get_student_list_exam',	0,	0,	2000,	'2018-03-30 18:09:56',	'2018-03-30 18:09:56',	0),
(145,	8,	'テスト問題作成',	'staff/exam_test/copy_exam',	0,	0,	2000,	'2018-03-30 18:09:56',	'2018-03-30 18:09:56',	0),
(146,	8,	'テスト編集',	'staff/marksheet_exam/copy_exam',	0,	0,	2000,	'2018-03-30 18:09:56',	'2018-03-30 18:09:56',	0),
(147,	8,	'テスト編集',	'staff/video_content/create_exam_video',	0,	0,	2000,	'2018-03-30 18:09:56',	'2018-03-30 18:09:56',	0),
(148,	9,	'職員一覧画面',	'staff/staff_list',	0,	0,	2000,	'2018-03-30 18:09:56',	'2018-03-30 18:09:56',	0),
(149,	9,	'職員一覧画面',	'staff/staff/delete',	0,	0,	2000,	'2018-03-30 18:09:56',	'2018-03-30 18:09:56',	0),
(150,	9,	'職員追加',	'staff/staff/add',	0,	0,	2000,	'2018-03-30 18:09:56',	'2018-03-30 18:09:56',	0),
(151,	9,	'職員参照',	'staff/staff/detail',	0,	0,	2000,	'2018-03-30 18:09:56',	'2018-03-30 18:09:56',	0),
(152,	9,	'職員編集',	'staff/staff/edit',	0,	0,	2000,	'2018-03-30 18:09:56',	'2018-03-30 18:09:56',	0),
(153,	9,	'職員一覧CSV出力',	'staff/staff/export_staff_list_to_csv',	0,	0,	2000,	'2018-03-30 18:09:56',	'2018-03-30 18:09:56',	0),
(154,	9,	'勤怠管理(日別)一覧',	'staff/attendance_list/attendance_input_reason',	0,	0,	2000,	'2018-03-30 18:09:56',	'2018-03-30 18:09:56',	0),
(155,	9,	'エージェント情報新規登録',	'staff/agent/add',	0,	0,	2000,	'2018-03-30 18:09:56',	'2018-03-30 18:09:56',	0),
(156,	9,	'エージェント情報詳細',	'staff/agent/detail',	0,	0,	2000,	'2018-03-30 18:09:56',	'2018-03-30 18:09:56',	0),
(157,	9,	'エージェント情報編集',	'staff/agent/edit',	0,	0,	2000,	'2018-03-30 18:09:56',	'2018-03-30 18:09:56',	0),
(158,	11,	'レベル一覧画面',	'staff/curriculum/level_delete',	0,	0,	2000,	'2018-03-30 18:09:56',	'2018-03-30 18:09:56',	0),
(159,	11,	'クラス追加',	'staff/curriculum/create_class',	0,	0,	2000,	'2018-03-30 18:09:56',	'2018-03-30 18:09:56',	0),
(160,	11,	'シフト希望詳細画面',	'staff/curriculum/shift_request_detail',	0,	0,	2000,	'2018-03-30 18:09:56',	'2018-03-30 18:09:56',	0),
(161,	11,	'クラス分トップ画面',	'staff/curriculum/unclassified_student_assignment',	0,	0,	2000,	'2018-03-30 18:09:56',	'2018-03-30 18:09:56',	0),
(162,	11,	'クラス編成',	'staff/curriculum/delete_class',	0,	0,	2000,	'2018-03-30 18:09:56',	'2018-03-30 18:09:56',	0),
(163,	11,	'各クラス学生画面',	'staff/curriculum/classified_student_assignment',	0,	0,	2000,	'2018-03-30 18:09:56',	'2018-03-30 18:09:56',	0),
(164,	12,	'イベント種別編集',	'staff/event/edit',	0,	0,	2000,	'2018-03-30 18:09:56',	'2018-03-30 18:09:56',	0),
(165,	12,	'イベント種別削除',	'staff/event/delete',	0,	0,	2000,	'2018-03-30 18:09:56',	'2018-03-30 18:09:56',	0),
(166,	12,	'イベント種別追加',	'staff/event/add',	0,	0,	2000,	'2018-03-30 18:09:56',	'2018-03-30 18:09:56',	0),
(167,	12,	'帳票登録ダウンロード',	'staff/template/download',	0,	0,	2000,	'2018-03-30 18:09:56',	'2018-03-30 18:09:56',	0),
(168,	12,	'Define Attendance',	'staff/teacher/update_define_attendance',	0,	0,	2000,	'2018-03-30 18:09:56',	'2018-03-30 18:09:56',	0),
(169,	13,	'パスワード再設定画面',	'staff/account/reset_password_target',	0,	0,	2000,	'2018-03-30 18:09:56',	'2018-03-30 18:09:56',	0),
(170,	15,	'学生カルテ詳細(成績情報)',	'staff/student/achievement_info',	0,	0,	2000,	'2018-03-30 18:09:56',	'2018-03-30 18:09:56',	0),
(171,	15,	'学生カルテ詳細(作品集)',	'staff/student/art_work',	0,	0,	2000,	'2018-03-30 18:09:56',	'2018-03-30 18:09:56',	0),
(172,	15,	'学生カルテ詳細(出席情報)',	'staff/student/attendance_rate',	0,	0,	2000,	'2018-03-30 18:09:56',	'2018-03-30 18:09:56',	0),
(173,	15,	'学生カルテ詳細(資格及び検定)',	'staff/student/get_qualification_and_certification_detail',	0,	0,	2000,	'2018-03-30 18:09:56',	'2018-03-30 18:09:56',	0),
(174,	15,	'学生カルテ詳細(入国管理情報)',	'staff/student/immigration_control',	0,	0,	2000,	'2018-03-30 18:09:56',	'2018-03-30 18:09:56',	0),
(175,	15,	'学生カルテ詳細(面談履歴)',	'staff/student/interview_record',	0,	0,	2000,	'2018-03-30 18:09:56',	'2018-04-26 20:30:54',	1),
(176,	15,	'学生カルテ詳細(賞罰)',	'staff/student/prize_and_punishment',	0,	0,	2000,	'2018-03-30 18:09:56',	'2018-03-30 18:09:56',	0),
(177,	15,	'学生カルテ詳細(基本)',	'staff/student/student_chart_detail',	0,	0,	2000,	'2018-03-30 18:09:56',	'2018-03-30 18:09:56',	0),
(185,	15,	'各種届出書',	'student/application/official_absence',	0,	0,	2000,	'2018-03-30 18:09:56',	'2018-03-30 18:09:56',	0),
(186,	15,	'各種届出書',	'student/application/temporary_return',	0,	0,	2000,	'2018-03-30 18:09:56',	'2018-03-30 18:09:56',	0),
(187,	15,	'各種届出書',	'student/application/personal_information_change',	0,	0,	2000,	'2018-03-30 18:09:56',	'2018-03-30 18:09:56',	0),
(188,	15,	'各種届出書',	'student/application/change_class',	0,	0,	2000,	'2018-03-30 18:09:56',	'2018-03-30 18:09:56',	0),
(189,	15,	'各種届出書',	'student/application/withdrawal_notification',	0,	0,	2000,	'2018-03-30 18:09:56',	'2018-03-30 18:09:56',	0),
(190,	15,	'各種届出書',	'student/application/issue_certificate',	0,	0,	2000,	'2018-03-30 18:09:56',	'2018-03-30 18:09:56',	0),
(191,	15,	'各種届出書',	'student/application/temporary_absence',	0,	0,	2000,	'2018-03-30 18:09:56',	'2018-03-30 18:09:56',	0),
(192,	2,	'学生カルテ詳細(基本)',	'staff/student/student_chart_detail',	0,	0,	2000,	'2018-03-30 18:09:56',	'2018-03-30 18:09:56',	0),
(193,	2,	'入学生CSV一括登録',	'staff/admission/bulk_register_search',	0,	0,	2000,	'2018-03-30 18:09:56',	'2018-03-30 18:09:56',	0),
(194,	8,	'テスト問題一覧',	'staff/marksheet_exam/partial_list ',	0,	0,	2000,	'2018-03-30 18:09:56',	'2018-03-30 18:09:56',	0),
(195,	8,	'テスト問題一覧',	'staff/marksheet_exam/insert_test',	0,	0,	2000,	'2018-03-30 18:09:56',	'2018-03-30 18:09:56',	0),
(196,	8,	'テスト問題一覧',	'staff/marksheet_exam/insert_step_score',	0,	0,	2000,	'2018-03-30 18:09:56',	'2018-03-30 18:09:56',	0),
(197,	8,	'テスト問題一覧',	'staff/marksheet_exam/update_information_test',	0,	0,	2000,	'2018-03-30 18:09:56',	'2018-03-30 18:09:56',	0),
(198,	8,	'テスト問題一覧',	'staff/marksheet_exam/update_test',	0,	0,	2000,	'2018-03-30 18:09:56',	'2018-03-30 18:09:56',	0),
(199,	8,	'テスト問題一覧',	'staff/exam_test/partial_list',	0,	0,	2000,	'2018-03-30 18:09:56',	'2018-03-30 18:09:56',	0),
(200,	8,	'テスト問題一覧',	'staff/exam_test/uploadImage',	0,	0,	2000,	'2018-03-30 18:09:56',	'2018-03-30 18:09:56',	0),
(201,	13,	'タブレットアプリバージョン追加',	'staff/tablet_application_update/add',	0,	0,	2000,	'2018-03-30 18:09:56',	'2018-03-30 18:09:56',	0),
(202,	1,	'学生カルテ詳細(面談履歴)',	'staff/student/interview_record_edit',	0,	0,	2000,	'2018-03-30 18:09:56',	'2018-03-30 18:09:56',	0),
(203,	2,	'',	'staff/admission/excel_template_download_file',	0,	0,	2000,	'2018-03-30 18:09:56',	'2018-03-30 18:09:56',	0),
(204,	2,	'',	'staff/admission/bulk_register_download_error_list',	0,	0,	2000,	'2018-03-30 18:09:56',	'2018-03-30 18:09:56',	0),
(205,	8,	'',	'staff/exam_test/manage_score',	0,	0,	2000,	'2018-03-30 18:09:56',	'2018-03-30 18:09:56',	0),
(206,	2,	'学生カルテ詳細(基本)',	'staff/student/student_chart_additional_editing',	0,	0,	2000,	'2018-03-30 18:09:56',	'2018-03-30 18:09:56',	0),
(207,	2,	'学生カルテ詳細(入国管理情報)',	'staff/student/immigration_control',	0,	0,	2000,	'2018-03-30 18:09:56',	'2018-03-30 18:09:56',	0),
(208,	2,	'学生カルテ詳細(入国管理情報)',	'staff/student/immigration_control_editing',	0,	0,	2000,	'2018-03-30 18:09:56',	'2018-03-30 18:09:56',	0),
(209,	1,	'帳票登録ダウンロード',	'staff/template/download',	0,	0,	2000,	'2018-03-30 18:09:56',	'2018-03-30 18:09:56',	0),
(210,	7,	'成績一覧CSVアップロードエラーリスト',	'staff/school_record/ajax_download_file_csv',	0,	0,	2000,	'2018-03-30 18:09:56',	'2018-03-30 18:09:56',	0),
(211,	13,	'',	'staff/import/educational_institution_upload_excel',	0,	0,	2000,	'2018-05-17 20:25:39',	'2018-05-17 20:25:39',	0),
(212,	2,	'テスト並び替え',	'staff/placement_exam/sort_exam',	0,	0,	2000,	'0000-00-00 00:00:00',	'0000-00-00 00:00:00',	0),
(213,	8,	'テスト並び替え',	'staff/exam_test/sort_exam',	0,	0,	2000,	'0000-00-00 00:00:00',	'0000-00-00 00:00:00',	0),
(214,	8,	'テスト並び替え',	'staff/marksheet_exam/sort_exam',	0,	0,	2000,	'0000-00-00 00:00:00',	'0000-00-00 00:00:00',	0),
(215,	1,	'メモ画面',	'staff/student/memo_info',	0,	1,	0,	'2018-08-16 15:53:16',	'2018-08-16 15:53:16',	0),
(216,	1,	'メモ編集画面',	'staff/student/memo_edit',	0,	1,	0,	'2018-08-16 15:53:16',	'2018-08-16 15:53:16',	0),
(217,	1,	'累計出席率試算(出席情報)',	'staff/student/attendance_calculate_rate_time',	0,	0,	0,	'2018-08-16 15:53:29',	'0000-00-00 00:00:00',	0),
(218,	1,	'ajax info student cd 1 2',	'staff/student/ajax_load_info_student_cd_1_2',	0,	0,	0,	'2018-08-16 15:53:29',	'0000-00-00 00:00:00',	0),
(219,	1,	'ajax load total school day',	'staff/student/ajax_load_total_school_day',	0,	0,	0,	'2018-08-16 15:53:29',	'0000-00-00 00:00:00',	0),
(220,	15,	'累計出席率試算(出席情報)',	'staff/student/attendance_calculate_rate_time',	0,	0,	0,	'2018-08-16 15:53:29',	'0000-00-00 00:00:00',	0),
(221,	15,	'ajax info student cd 1 2',	'staff/student/ajax_load_info_student_cd_1_2',	0,	0,	0,	'2018-08-16 15:53:29',	'0000-00-00 00:00:00',	0),
(222,	15,	'ajax load total school day',	'staff/student/ajax_load_total_school_day',	0,	0,	0,	'2018-08-16 15:53:29',	'0000-00-00 00:00:00',	0),
(223,	8,	'テスト編集',	'staff/Video_content/insert_video_exam',	0,	0,	2000,	'2018-03-30 18:09:56',	'2018-03-30 18:09:56',	0),
(224,	8,	'テスト編集',	'staff/Video_content/update_exam',	0,	0,	2000,	'2018-03-30 18:09:56',	'2018-03-30 18:09:56',	0),
(225,	1,	'ajax_calculate_attendance_rate',	'staff/student/ajax_calculate_attendance_rate_future',	0,	1,	9999,	'2018-12-27 16:00:20',	'2018-12-27 16:00:20',	0);

DROP TABLE IF EXISTS `function_group`;
CREATE TABLE `function_group` (
  `id` int(10) unsigned NOT NULL AUTO_INCREMENT,
  `name` varchar(128) NOT NULL DEFAULT '',
  `sequence` int(10) unsigned NOT NULL DEFAULT '0',
  `lastup_account_id` int(10) unsigned NOT NULL DEFAULT '0',
  `create_datetime` datetime NOT NULL DEFAULT '0000-00-00 00:00:00',
  `lastup_datetime` datetime NOT NULL DEFAULT '0000-00-00 00:00:00',
  `disable` tinyint(1) unsigned NOT NULL DEFAULT '0',
  PRIMARY KEY (`id`)
) ENGINE=InnoDB DEFAULT CHARSET=utf8;

INSERT INTO `function_group` (`id`, `name`, `sequence`, `lastup_account_id`, `create_datetime`, `lastup_datetime`, `disable`) VALUES
(1,	'学生管理',	1,	2000,	'2017-12-26 00:00:00',	'0000-00-00 00:00:00',	0),
(2,	'入学',	2,	2000,	'2017-12-26 00:00:00',	'0000-00-00 00:00:00',	0),
(3,	'出席管理',	3,	2000,	'2017-12-26 00:00:00',	'0000-00-00 00:00:00',	0),
(4,	'出欠承認',	4,	2000,	'2017-12-26 00:00:00',	'0000-00-00 00:00:00',	0),
(5,	'届出・申請書',	5,	2000,	'2017-12-26 00:00:00',	'0000-00-00 00:00:00',	0),
(6,	'お知らせ',	6,	2000,	'2017-12-26 00:00:00',	'0000-00-00 00:00:00',	0),
(7,	'成績',	7,	2000,	'2017-12-26 00:00:00',	'0000-00-00 00:00:00',	0),
(8,	'教育コンテンツ',	8,	2000,	'2017-12-26 00:00:00',	'0000-00-00 00:00:00',	0),
(9,	'職員管理',	9,	2000,	'2017-12-26 00:00:00',	'0000-00-00 00:00:00',	0),
(10,	'非常勤給与',	10,	2000,	'2017-12-26 00:00:00',	'0000-00-00 00:00:00',	0),
(11,	'カリキュラム',	11,	2000,	'2017-12-26 00:00:00',	'0000-00-00 00:00:00',	0),
(12,	'各種設定・締め処理',	12,	2000,	'2017-12-26 00:00:00',	'0000-00-00 00:00:00',	0),
(13,	'システム管理',	13,	2000,	'2017-12-26 00:00:00',	'0000-00-00 00:00:00',	0),
(15,	'学生用タブレット',	99,	2000,	'2018-03-30 18:05:50',	'2018-03-30 18:05:50',	0);

DROP TABLE IF EXISTS `permission`;
CREATE TABLE `permission` (
  `id` int(10) unsigned NOT NULL AUTO_INCREMENT,
  `account_group_id` int(10) unsigned NOT NULL DEFAULT '0',
  `function_group_id` int(10) unsigned NOT NULL DEFAULT '0',
  `is_permitted` tinyint(1) unsigned NOT NULL DEFAULT '0',
  `lastup_account_id` int(10) unsigned NOT NULL DEFAULT '0',
  `create_datetime` datetime NOT NULL DEFAULT '0000-00-00 00:00:00',
  `lastup_datetime` datetime NOT NULL DEFAULT '0000-00-00 00:00:00',
  `disable` tinyint(1) unsigned NOT NULL DEFAULT '0',
  PRIMARY KEY (`id`),
  KEY `account_group_id` (`account_group_id`),
  KEY `function_group_id` (`function_group_id`)
) ENGINE=InnoDB DEFAULT CHARSET=utf8;

INSERT INTO `permission` (`id`, `account_group_id`, `function_group_id`, `is_permitted`, `lastup_account_id`, `create_datetime`, `lastup_datetime`, `disable`) VALUES
(1,	1,	1,	0,	2000,	'2017-12-26 00:00:00',	'2018-03-30 18:15:25',	0),
(2,	2,	1,	1,	2000,	'2017-12-26 00:00:00',	'0000-00-00 00:00:00',	0),
(3,	3,	1,	1,	2000,	'2017-12-26 00:00:00',	'0000-00-00 00:00:00',	0),
(4,	4,	1,	1,	2000,	'2017-12-26 00:00:00',	'0000-00-00 00:00:00',	0),
(5,	5,	1,	1,	2000,	'2017-12-26 00:00:00',	'0000-00-00 00:00:00',	0),
(6,	6,	1,	1,	2000,	'2017-12-26 00:00:00',	'0000-00-00 00:00:00',	0),
(7,	7,	1,	1,	2000,	'2017-12-26 00:00:00',	'0000-00-00 00:00:00',	0),
(8,	8,	1,	1,	2000,	'2017-12-26 00:00:00',	'0000-00-00 00:00:00',	0),
(9,	9,	1,	1,	2000,	'2017-12-26 00:00:00',	'0000-00-00 00:00:00',	0),
(10,	10,	1,	1,	2000,	'2017-12-26 00:00:00',	'0000-00-00 00:00:00',	0),
(11,	1,	2,	0,	2000,	'2017-12-26 00:00:00',	'0000-00-00 00:00:00',	0),
(12,	2,	2,	0,	2000,	'2017-12-26 00:00:00',	'0000-00-00 00:00:00',	0),
(13,	3,	2,	0,	2000,	'2017-12-26 00:00:00',	'0000-00-00 00:00:00',	0),
(14,	4,	2,	1,	2000,	'2017-12-26 00:00:00',	'0000-00-00 00:00:00',	0),
(15,	5,	2,	0,	2000,	'2017-12-26 00:00:00',	'0000-00-00 00:00:00',	0),
(16,	6,	2,	1,	2000,	'2017-12-26 00:00:00',	'0000-00-00 00:00:00',	0),
(17,	7,	2,	1,	2000,	'2017-12-26 00:00:00',	'0000-00-00 00:00:00',	0),
(18,	8,	2,	1,	2000,	'2017-12-26 00:00:00',	'0000-00-00 00:00:00',	0),
(19,	9,	2,	1,	2000,	'2017-12-26 00:00:00',	'0000-00-00 00:00:00',	0),
(20,	10,	2,	1,	2000,	'2017-12-26 00:00:00',	'0000-00-00 00:00:00',	0),
(21,	1,	3,	0,	2000,	'2017-12-26 00:00:00',	'2018-01-31 20:45:41',	0),
(22,	2,	3,	1,	2000,	'2017-12-26 00:00:00',	'0000-00-00 00:00:00',	0),
(23,	3,	3,	1,	2000,	'2017-12-26 00:00:00',	'0000-00-00 00:00:00',	0),
(24,	4,	3,	1,	2000,	'2017-12-26 00:00:00',	'0000-00-00 00:00:00',	0),
(25,	5,	3,	1,	2000,	'2017-12-26 00:00:00',	'0000-00-00 00:00:00',	0),
(26,	6,	3,	1,	2000,	'2017-12-26 00:00:00',	'0000-00-00 00:00:00',	0),
(27,	7,	3,	1,	2000,	'2017-12-26 00:00:00',	'0000-00-00 00:00:00',	0),
(28,	8,	3,	1,	2000,	'2017-12-26 00:00:00',	'0000-00-00 00:00:00',	0),
(29,	9,	3,	1,	2000,	'2017-12-26 00:00:00',	'0000-00-00 00:00:00',	0),
(30,	10,	3,	1,	2000,	'2017-12-26 00:00:00',	'0000-00-00 00:00:00',	0),
(31,	1,	4,	0,	2000,	'2017-12-26 00:00:00',	'2018-02-28 17:10:00',	0),
(32,	2,	4,	1,	2000,	'2017-12-26 00:00:00',	'2018-04-19 13:52:24',	0),
(33,	3,	4,	1,	2000,	'2017-12-26 00:00:00',	'2018-04-19 13:52:24',	0),
(34,	4,	4,	1,	2000,	'2017-12-26 00:00:00',	'2018-04-19 13:52:24',	0),
(35,	5,	4,	1,	2000,	'2017-12-26 00:00:00',	'2018-04-19 13:52:24',	0),
(36,	6,	4,	1,	2000,	'2017-12-26 00:00:00',	'0000-00-00 00:00:00',	0),
(37,	7,	4,	1,	2000,	'2017-12-26 00:00:00',	'2018-02-28 17:10:00',	0),
(38,	8,	4,	1,	2000,	'2017-12-26 00:00:00',	'2018-04-19 13:52:24',	0),
(39,	9,	4,	1,	2000,	'2017-12-26 00:00:00',	'2018-02-28 17:10:00',	0),
(40,	10,	4,	1,	2000,	'2017-12-26 00:00:00',	'0000-00-00 00:00:00',	0),
(41,	1,	5,	0,	2000,	'2017-12-26 00:00:00',	'2018-01-31 20:45:41',	0),
(42,	2,	5,	0,	2000,	'2017-12-26 00:00:00',	'2018-07-03 17:32:29',	0),
(43,	3,	5,	0,	2000,	'2017-12-26 00:00:00',	'2018-07-03 17:32:29',	0),
(44,	4,	5,	0,	2000,	'2017-12-26 00:00:00',	'2018-07-03 17:32:29',	0),
(45,	5,	5,	0,	2000,	'2017-12-26 00:00:00',	'2018-07-03 17:32:29',	0),
(46,	6,	5,	1,	2000,	'2017-12-26 00:00:00',	'2018-08-20 17:12:14',	0),
(47,	7,	5,	1,	2000,	'2017-12-26 00:00:00',	'2018-08-20 17:12:14',	0),
(48,	8,	5,	0,	2000,	'2017-12-26 00:00:00',	'2018-07-03 17:32:29',	0),
(49,	9,	5,	0,	2000,	'2017-12-26 00:00:00',	'2018-07-03 17:32:29',	0),
(50,	10,	5,	1,	2000,	'2017-12-26 00:00:00',	'0000-00-00 00:00:00',	0),
(51,	1,	6,	0,	2000,	'2017-12-26 00:00:00',	'2018-05-02 10:47:21',	0),
(52,	2,	6,	1,	2000,	'2017-12-26 00:00:00',	'0000-00-00 00:00:00',	0),
(53,	3,	6,	1,	2000,	'2017-12-26 00:00:00',	'0000-00-00 00:00:00',	0),
(54,	4,	6,	1,	2000,	'2017-12-26 00:00:00',	'0000-00-00 00:00:00',	0),
(55,	5,	6,	1,	2000,	'2017-12-26 00:00:00',	'0000-00-00 00:00:00',	0),
(56,	6,	6,	1,	2000,	'2017-12-26 00:00:00',	'0000-00-00 00:00:00',	0),
(57,	7,	6,	1,	2000,	'2017-12-26 00:00:00',	'0000-00-00 00:00:00',	0),
(58,	8,	6,	1,	2000,	'2017-12-26 00:00:00',	'0000-00-00 00:00:00',	0),
(59,	9,	6,	1,	2000,	'2017-12-26 00:00:00',	'0000-00-00 00:00:00',	0),
(60,	10,	6,	1,	2000,	'2017-12-26 00:00:00',	'0000-00-00 00:00:00',	0),
(61,	1,	7,	0,	2000,	'2017-12-26 00:00:00',	'2018-01-31 20:45:41',	0),
(62,	2,	7,	1,	2000,	'2017-12-26 00:00:00',	'2018-03-30 18:48:54',	0),
(63,	3,	7,	1,	2000,	'2017-12-26 00:00:00',	'2018-03-30 18:48:54',	0),
(64,	4,	7,	1,	2000,	'2017-12-26 00:00:00',	'2018-04-11 15:38:53',	0),
(65,	5,	7,	0,	2000,	'2017-12-26 00:00:00',	'2018-03-08 14:26:08',	0),
(66,	6,	7,	1,	2000,	'2017-12-26 00:00:00',	'2018-03-30 18:48:54',	0),
(67,	7,	7,	1,	2000,	'2017-12-26 00:00:00',	'2018-03-30 18:48:54',	0),
(68,	8,	7,	0,	2000,	'2017-12-26 00:00:00',	'2018-03-08 14:26:08',	0),
(69,	9,	7,	0,	2000,	'2017-12-26 00:00:00',	'2018-03-08 14:26:08',	0),
(70,	10,	7,	1,	2000,	'2017-12-26 00:00:00',	'0000-00-00 00:00:00',	0),
(71,	1,	8,	0,	2000,	'2017-12-26 00:00:00',	'2018-01-31 20:45:41',	0),
(72,	2,	8,	1,	2000,	'2017-12-26 00:00:00',	'0000-00-00 00:00:00',	0),
(73,	3,	8,	1,	2000,	'2017-12-26 00:00:00',	'0000-00-00 00:00:00',	0),
(74,	4,	8,	0,	2000,	'2017-12-26 00:00:00',	'2018-04-11 15:38:53',	0),
(75,	5,	8,	1,	2000,	'2017-12-26 00:00:00',	'0000-00-00 00:00:00',	0),
(76,	6,	8,	1,	2000,	'2017-12-26 00:00:00',	'0000-00-00 00:00:00',	0),
(77,	7,	8,	1,	2000,	'2017-12-26 00:00:00',	'0000-00-00 00:00:00',	0),
(78,	8,	8,	1,	2000,	'2017-12-26 00:00:00',	'0000-00-00 00:00:00',	0),
(79,	9,	8,	1,	2000,	'2017-12-26 00:00:00',	'0000-00-00 00:00:00',	0),
(80,	10,	8,	1,	2000,	'2017-12-26 00:00:00',	'0000-00-00 00:00:00',	0),
(81,	1,	9,	0,	2000,	'2017-12-26 00:00:00',	'0000-00-00 00:00:00',	0),
(82,	2,	9,	1,	2000,	'2017-12-26 00:00:00',	'0000-00-00 00:00:00',	0),
(83,	3,	9,	0,	2000,	'2017-12-26 00:00:00',	'0000-00-00 00:00:00',	0),
(84,	4,	9,	1,	2000,	'2017-12-26 00:00:00',	'0000-00-00 00:00:00',	0),
(85,	5,	9,	0,	2000,	'2017-12-26 00:00:00',	'0000-00-00 00:00:00',	0),
(86,	6,	9,	1,	2000,	'2017-12-26 00:00:00',	'0000-00-00 00:00:00',	0),
(87,	7,	9,	1,	2000,	'2017-12-26 00:00:00',	'0000-00-00 00:00:00',	0),
(88,	8,	9,	1,	2000,	'2017-12-26 00:00:00',	'0000-00-00 00:00:00',	0),
(89,	9,	9,	1,	2000,	'2017-12-26 00:00:00',	'0000-00-00 00:00:00',	0),
(90,	10,	9,	1,	2000,	'2017-12-26 00:00:00',	'0000-00-00 00:00:00',	0),
(91,	1,	10,	0,	2000,	'2017-12-26 00:00:00',	'0000-00-00 00:00:00',	0),
(92,	2,	10,	0,	2000,	'2017-12-26 00:00:00',	'0000-00-00 00:00:00',	0),
(93,	3,	10,	0,	2000,	'2017-12-26 00:00:00',	'0000-00-00 00:00:00',	0),
(94,	4,	10,	0,	2000,	'2017-12-26 00:00:00',	'0000-00-00 00:00:00',	0),
(95,	5,	10,	0,	2000,	'2017-12-26 00:00:00',	'0000-00-00 00:00:00',	0),
(96,	6,	10,	1,	2000,	'2017-12-26 00:00:00',	'0000-00-00 00:00:00',	0),
(97,	7,	10,	1,	2000,	'2017-12-26 00:00:00',	'0000-00-00 00:00:00',	0),
(98,	8,	10,	1,	2000,	'2017-12-26 00:00:00',	'0000-00-00 00:00:00',	0),
(99,	9,	10,	1,	2000,	'2017-12-26 00:00:00',	'0000-00-00 00:00:00',	0),
(100,	10,	10,	1,	2000,	'2017-12-26 00:00:00',	'0000-00-00 00:00:00',	0),
(101,	1,	11,	0,	2000,	'2017-12-26 00:00:00',	'0000-00-00 00:00:00',	0),
(102,	2,	11,	0,	2000,	'2017-12-26 00:00:00',	'0000-00-00 00:00:00',	0),
(103,	3,	11,	0,	2000,	'2017-12-26 00:00:00',	'0000-00-00 00:00:00',	0),
(104,	4,	11,	0,	2000,	'2017-12-26 00:00:00',	'0000-00-00 00:00:00',	0),
(105,	5,	11,	0,	2000,	'2017-12-26 00:00:00',	'0000-00-00 00:00:00',	0),
(106,	6,	11,	1,	2000,	'2017-12-26 00:00:00',	'0000-00-00 00:00:00',	0),
(107,	7,	11,	1,	2000,	'2017-12-26 00:00:00',	'0000-00-00 00:00:00',	0),
(108,	8,	11,	0,	2000,	'2017-12-26 00:00:00',	'0000-00-00 00:00:00',	0),
(109,	9,	11,	0,	2000,	'2017-12-26 00:00:00',	'0000-00-00 00:00:00',	0),
(110,	10,	11,	1,	2000,	'2017-12-26 00:00:00',	'0000-00-00 00:00:00',	0),
(111,	1,	12,	0,	2000,	'2017-12-26 00:00:00',	'0000-00-00 00:00:00',	0),
(112,	2,	12,	1,	2000,	'2017-12-26 00:00:00',	'0000-00-00 00:00:00',	0),
(113,	3,	12,	0,	2000,	'2017-12-26 00:00:00',	'0000-00-00 00:00:00',	0),
(114,	4,	12,	1,	2000,	'2017-12-26 00:00:00',	'2018-07-12 14:07:17',	0),
(115,	5,	12,	0,	2000,	'2017-12-26 00:00:00',	'0000-00-00 00:00:00',	0),
(116,	6,	12,	1,	2000,	'2017-12-26 00:00:00',	'0000-00-00 00:00:00',	0),
(117,	7,	12,	1,	2000,	'2017-12-26 00:00:00',	'0000-00-00 00:00:00',	0),
(118,	8,	12,	0,	2000,	'2017-12-26 00:00:00',	'0000-00-00 00:00:00',	0),
(119,	9,	12,	0,	2000,	'2017-12-26 00:00:00',	'0000-00-00 00:00:00',	0),
(120,	10,	12,	1,	2000,	'2017-12-26 00:00:00',	'0000-00-00 00:00:00',	0),
(121,	1,	13,	0,	2000,	'2017-12-26 00:00:00',	'0000-00-00 00:00:00',	0),
(122,	2,	13,	1,	2000,	'2017-12-26 00:00:00',	'2018-07-06 10:54:44',	0),
(123,	3,	13,	0,	2000,	'2017-12-26 00:00:00',	'0000-00-00 00:00:00',	0),
(124,	4,	13,	0,	2000,	'2017-12-26 00:00:00',	'0000-00-00 00:00:00',	0),
(125,	5,	13,	0,	2000,	'2017-12-26 00:00:00',	'0000-00-00 00:00:00',	0),
(126,	6,	13,	1,	2000,	'2017-12-26 00:00:00',	'2018-02-16 17:21:40',	0),
(127,	7,	13,	1,	2000,	'2017-12-26 00:00:00',	'2018-02-16 17:21:40',	0),
(128,	8,	13,	0,	2000,	'2017-12-26 00:00:00',	'0000-00-00 00:00:00',	0),
(129,	9,	13,	0,	2000,	'2017-12-26 00:00:00',	'0000-00-00 00:00:00',	0),
(130,	10,	13,	1,	2000,	'2017-12-26 00:00:00',	'0000-00-00 00:00:00',	0),
(131,	10,	14,	1,	0,	'2018-01-30 19:52:57',	'2018-01-30 19:52:57',	0),
(132,	2,	14,	1,	0,	'2018-01-30 19:52:57',	'2018-01-30 19:52:57',	0),
(133,	3,	14,	1,	0,	'2018-01-30 19:52:57',	'2018-01-30 19:52:57',	0),
(134,	4,	14,	1,	0,	'2018-01-30 19:52:57',	'2018-01-30 19:52:57',	0),
(135,	5,	14,	1,	0,	'2018-01-30 19:52:57',	'2018-01-30 19:52:57',	0),
(136,	6,	14,	1,	0,	'2018-01-30 19:52:57',	'2018-01-30 19:52:57',	0),
(137,	7,	14,	1,	0,	'2018-01-30 19:52:57',	'2018-01-30 19:52:57',	0),
(138,	8,	14,	1,	0,	'2018-01-30 19:52:57',	'2018-01-30 19:52:57',	0),
(139,	9,	14,	1,	0,	'2018-01-30 19:52:57',	'2018-01-30 19:52:57',	0),
(140,	1,	15,	1,	2000,	'2018-03-30 18:06:25',	'2018-03-30 18:06:25',	0);

DROP TABLE IF EXISTS `system_code`;
CREATE TABLE `system_code` (
  `id` int(10) unsigned NOT NULL AUTO_INCREMENT,
  `name` varchar(128) NOT NULL DEFAULT '',
  `column_name` varchar(128) NOT NULL DEFAULT '',
  `lastup_account_id` int(10) unsigned NOT NULL DEFAULT '0',
  `create_datetime` datetime NOT NULL DEFAULT '0000-00-00 00:00:00',
  `lastup_datetime` datetime NOT NULL DEFAULT '0000-00-00 00:00:00',
  `disable` tinyint(1) unsigned NOT NULL DEFAULT '0',
  PRIMARY KEY (`id`),
  KEY `column_name` (`column_name`)
) ENGINE=InnoDB DEFAULT CHARSET=utf8;

INSERT INTO `system_code` (`id`, `name`, `column_name`, `lastup_account_id`, `create_datetime`, `lastup_datetime`, `disable`) VALUES
(1,	'国名コード',	'country_codes',	99999999,	'0000-00-00 00:00:00',	'0000-00-00 00:00:00',	0),
(2,	'在籍状態',	'enrollment_status',	99999999,	'0000-00-00 00:00:00',	'0000-00-00 00:00:00',	0),
(3,	'ビザの種類',	'visa_type',	2000,	'0000-00-00 00:00:00',	'2017-11-23 11:48:50',	0),
(4,	'性別',	'gender',	99999999,	'0000-00-00 00:00:00',	'0000-00-00 00:00:00',	0),
(5,	'婚姻の有無',	'marital_status',	99999999,	'0000-00-00 00:00:00',	'0000-00-00 00:00:00',	0),
(6,	'届出',	'notification',	99999999,	'0000-00-00 00:00:00',	'0000-00-00 00:00:00',	0),
(7,	'承認',	'approval',	99999999,	'0000-00-00 00:00:00',	'0000-00-00 00:00:00',	0),
(8,	'都道府県コード',	'prefectures',	99999999,	'0000-00-00 00:00:00',	'0000-00-00 00:00:00',	0),
(9,	'出欠',	'attendance',	99999999,	'0000-00-00 00:00:00',	'0000-00-00 00:00:00',	0),
(10,	'出席率集計区分',	'attendance_rate_cd',	99999999,	'0000-00-00 00:00:00',	'0000-00-00 00:00:00',	0),
(11,	'コース',	'course',	2000,	'0000-00-00 00:00:00',	'2018-04-19 19:08:30',	1),
(12,	'コース期間',	'course_length',	99999999,	'0000-00-00 00:00:00',	'0000-00-00 00:00:00',	0),
(13,	'学生種別',	'student_category',	99999999,	'0000-00-00 00:00:00',	'0000-00-00 00:00:00',	0),
(14,	'希望日調整可否',	'possible_cd',	99999999,	'0000-00-00 00:00:00',	'0000-00-00 00:00:00',	0),
(15,	'曜日',	'day',	99999999,	'0000-00-00 00:00:00',	'0000-00-00 00:00:00',	0),
(16,	'ｽﾀｯﾌステータス',	'staff_status',	99999999,	'0000-00-00 00:00:00',	'0000-00-00 00:00:00',	0),
(17,	'タイムゾーン',	'time_zone_id',	99999999,	'0000-00-00 00:00:00',	'0000-00-00 00:00:00',	0),
(18,	'最終学歴',	'last_school_education',	99999999,	'0000-00-00 00:00:00',	'0000-00-00 00:00:00',	0),
(19,	'ソート順',	'sort_order',	99999999,	'0000-00-00 00:00:00',	'0000-00-00 00:00:00',	0),
(20,	'日本語能力試験',	'JLPT',	99999999,	'0000-00-00 00:00:00',	'0000-00-00 00:00:00',	0),
(21,	'personタイプ',	'TYPE',	99999999,	'0000-00-00 00:00:00',	'0000-00-00 00:00:00',	0),
(22,	'職員区分',	'staff_classification',	99999999,	'0000-00-00 00:00:00',	'0000-00-00 00:00:00',	0),
(23,	'退学・除籍理由',	'Reason_for_withdrawal_exclusion_reason',	99999999,	'0000-00-00 00:00:00',	'0000-00-00 00:00:00',	0),
(24,	'申請書ＩＤ',	'application_type_id',	99999999,	'0000-00-00 00:00:00',	'0000-00-00 00:00:00',	1),
(25,	'申請状況',	'application_status',	99999999,	'0000-00-00 00:00:00',	'0000-00-00 00:00:00',	0),
(26,	'入金状況',	'payment_status',	99999999,	'0000-00-00 00:00:00',	'0000-00-00 00:00:00',	0),
(27,	'保有資格',	'Possession_qualification',	99999999,	'0000-00-00 00:00:00',	'0000-00-00 00:00:00',	0),
(28,	'クラスレベル',	'class_level',	99999999,	'0000-00-00 00:00:00',	'0000-00-00 00:00:00',	0),
(29,	'雇用形態',	'employment_type',	99999999,	'0000-00-00 00:00:00',	'0000-00-00 00:00:00',	0),
(30,	'法人個人',	'individual_corporate_type',	99999999,	'0000-00-00 00:00:00',	'0000-00-00 00:00:00',	0),
(31,	'',	'',	0,	'0000-00-00 00:00:00',	'0000-00-00 00:00:00',	0),
(32,	'',	'',	0,	'0000-00-00 00:00:00',	'0000-00-00 00:00:00',	0),
(33,	'',	'',	0,	'0000-00-00 00:00:00',	'0000-00-00 00:00:00',	0),
(34,	'',	'',	0,	'0000-00-00 00:00:00',	'0000-00-00 00:00:00',	0),
(35,	'',	'',	0,	'0000-00-00 00:00:00',	'0000-00-00 00:00:00',	0),
(36,	'',	'',	0,	'0000-00-00 00:00:00',	'0000-00-00 00:00:00',	0),
(37,	'',	'',	0,	'0000-00-00 00:00:00',	'0000-00-00 00:00:00',	0),
(38,	'',	'',	0,	'0000-00-00 00:00:00',	'0000-00-00 00:00:00',	0),
(39,	'',	'',	0,	'0000-00-00 00:00:00',	'0000-00-00 00:00:00',	0),
(40,	'',	'',	0,	'0000-00-00 00:00:00',	'0000-00-00 00:00:00',	0),
(41,	'',	'',	0,	'0000-00-00 00:00:00',	'0000-00-00 00:00:00',	0),
(42,	'',	'',	0,	'0000-00-00 00:00:00',	'0000-00-00 00:00:00',	0),
(43,	'',	'',	0,	'0000-00-00 00:00:00',	'0000-00-00 00:00:00',	0),
(44,	'',	'',	0,	'0000-00-00 00:00:00',	'0000-00-00 00:00:00',	0),
(45,	'',	'',	0,	'0000-00-00 00:00:00',	'0000-00-00 00:00:00',	0),
(46,	'',	'',	0,	'0000-00-00 00:00:00',	'0000-00-00 00:00:00',	0),
(47,	'',	'',	0,	'0000-00-00 00:00:00',	'0000-00-00 00:00:00',	0),
(48,	'',	'',	0,	'0000-00-00 00:00:00',	'0000-00-00 00:00:00',	0),
(49,	'',	'',	0,	'0000-00-00 00:00:00',	'0000-00-00 00:00:00',	0),
(50,	'',	'',	0,	'0000-00-00 00:00:00',	'0000-00-00 00:00:00',	0),
(51,	'',	'',	0,	'0000-00-00 00:00:00',	'0000-00-00 00:00:00',	0),
(52,	'',	'',	0,	'0000-00-00 00:00:00',	'0000-00-00 00:00:00',	0),
(53,	'',	'',	0,	'0000-00-00 00:00:00',	'0000-00-00 00:00:00',	0),
(54,	'',	'',	0,	'0000-00-00 00:00:00',	'0000-00-00 00:00:00',	0),
(55,	'',	'',	0,	'0000-00-00 00:00:00',	'0000-00-00 00:00:00',	0),
(56,	'',	'',	0,	'0000-00-00 00:00:00',	'0000-00-00 00:00:00',	0),
(57,	'',	'',	0,	'0000-00-00 00:00:00',	'0000-00-00 00:00:00',	0),
(58,	'',	'',	0,	'0000-00-00 00:00:00',	'0000-00-00 00:00:00',	0),
(59,	'',	'',	0,	'0000-00-00 00:00:00',	'0000-00-00 00:00:00',	0),
(60,	'',	'',	0,	'0000-00-00 00:00:00',	'0000-00-00 00:00:00',	0),
(61,	'',	'',	0,	'0000-00-00 00:00:00',	'0000-00-00 00:00:00',	0),
(62,	'',	'',	0,	'0000-00-00 00:00:00',	'0000-00-00 00:00:00',	0),
(63,	'',	'',	0,	'0000-00-00 00:00:00',	'0000-00-00 00:00:00',	0),
(64,	'',	'',	0,	'0000-00-00 00:00:00',	'0000-00-00 00:00:00',	0),
(65,	'',	'',	0,	'0000-00-00 00:00:00',	'0000-00-00 00:00:00',	0),
(66,	'',	'',	0,	'0000-00-00 00:00:00',	'0000-00-00 00:00:00',	0),
(67,	'',	'',	0,	'0000-00-00 00:00:00',	'0000-00-00 00:00:00',	0),
(68,	'',	'',	0,	'0000-00-00 00:00:00',	'0000-00-00 00:00:00',	0),
(69,	'',	'',	0,	'0000-00-00 00:00:00',	'0000-00-00 00:00:00',	0),
(70,	'',	'',	0,	'0000-00-00 00:00:00',	'0000-00-00 00:00:00',	0),
(71,	'',	'',	0,	'0000-00-00 00:00:00',	'0000-00-00 00:00:00',	0),
(72,	'',	'',	0,	'0000-00-00 00:00:00',	'0000-00-00 00:00:00',	0),
(73,	'',	'',	0,	'0000-00-00 00:00:00',	'0000-00-00 00:00:00',	0),
(74,	'',	'',	0,	'0000-00-00 00:00:00',	'0000-00-00 00:00:00',	0),
(75,	'',	'',	0,	'0000-00-00 00:00:00',	'0000-00-00 00:00:00',	0),
(76,	'',	'',	0,	'0000-00-00 00:00:00',	'0000-00-00 00:00:00',	0),
(77,	'',	'',	0,	'0000-00-00 00:00:00',	'0000-00-00 00:00:00',	0),
(78,	'',	'',	0,	'0000-00-00 00:00:00',	'0000-00-00 00:00:00',	0),
(79,	'',	'',	0,	'0000-00-00 00:00:00',	'0000-00-00 00:00:00',	0),
(80,	'',	'',	0,	'0000-00-00 00:00:00',	'0000-00-00 00:00:00',	0),
(81,	'',	'',	0,	'0000-00-00 00:00:00',	'0000-00-00 00:00:00',	0),
(82,	'',	'',	0,	'0000-00-00 00:00:00',	'0000-00-00 00:00:00',	0),
(83,	'',	'',	0,	'0000-00-00 00:00:00',	'0000-00-00 00:00:00',	0),
(84,	'',	'',	0,	'0000-00-00 00:00:00',	'0000-00-00 00:00:00',	0),
(85,	'',	'',	0,	'0000-00-00 00:00:00',	'0000-00-00 00:00:00',	0),
(86,	'',	'',	0,	'0000-00-00 00:00:00',	'0000-00-00 00:00:00',	0),
(87,	'',	'',	0,	'0000-00-00 00:00:00',	'0000-00-00 00:00:00',	0),
(88,	'',	'',	0,	'0000-00-00 00:00:00',	'0000-00-00 00:00:00',	0),
(89,	'',	'',	0,	'0000-00-00 00:00:00',	'0000-00-00 00:00:00',	0),
(90,	'',	'',	0,	'0000-00-00 00:00:00',	'0000-00-00 00:00:00',	0),
(91,	'',	'',	0,	'0000-00-00 00:00:00',	'0000-00-00 00:00:00',	0),
(92,	'',	'',	0,	'0000-00-00 00:00:00',	'0000-00-00 00:00:00',	0),
(93,	'',	'',	0,	'0000-00-00 00:00:00',	'0000-00-00 00:00:00',	0),
(94,	'',	'',	0,	'0000-00-00 00:00:00',	'0000-00-00 00:00:00',	0),
(95,	'',	'',	0,	'0000-00-00 00:00:00',	'0000-00-00 00:00:00',	0),
(96,	'',	'',	0,	'0000-00-00 00:00:00',	'0000-00-00 00:00:00',	0),
(97,	'',	'',	0,	'0000-00-00 00:00:00',	'0000-00-00 00:00:00',	0),
(98,	'',	'',	0,	'0000-00-00 00:00:00',	'0000-00-00 00:00:00',	0),
(99,	'',	'',	0,	'0000-00-00 00:00:00',	'0000-00-00 00:00:00',	0),
(100,	'',	'',	0,	'0000-00-00 00:00:00',	'0000-00-00 00:00:00',	0),
(101,	'',	'',	0,	'0000-00-00 00:00:00',	'0000-00-00 00:00:00',	0),
(102,	'',	'',	0,	'0000-00-00 00:00:00',	'0000-00-00 00:00:00',	0),
(103,	'',	'',	0,	'0000-00-00 00:00:00',	'0000-00-00 00:00:00',	0),
(104,	'',	'',	0,	'0000-00-00 00:00:00',	'0000-00-00 00:00:00',	0),
(105,	'',	'',	0,	'0000-00-00 00:00:00',	'0000-00-00 00:00:00',	0),
(106,	'',	'',	0,	'0000-00-00 00:00:00',	'0000-00-00 00:00:00',	0),
(107,	'',	'',	0,	'0000-00-00 00:00:00',	'0000-00-00 00:00:00',	0),
(108,	'',	'',	0,	'0000-00-00 00:00:00',	'0000-00-00 00:00:00',	0),
(109,	'',	'',	0,	'0000-00-00 00:00:00',	'0000-00-00 00:00:00',	0),
(110,	'',	'',	0,	'0000-00-00 00:00:00',	'0000-00-00 00:00:00',	0),
(111,	'',	'',	0,	'0000-00-00 00:00:00',	'0000-00-00 00:00:00',	0),
(112,	'',	'',	0,	'0000-00-00 00:00:00',	'0000-00-00 00:00:00',	0),
(113,	'',	'',	0,	'0000-00-00 00:00:00',	'0000-00-00 00:00:00',	0),
(114,	'',	'',	0,	'0000-00-00 00:00:00',	'0000-00-00 00:00:00',	0),
(115,	'',	'',	0,	'0000-00-00 00:00:00',	'0000-00-00 00:00:00',	0),
(116,	'',	'',	0,	'0000-00-00 00:00:00',	'0000-00-00 00:00:00',	0),
(117,	'',	'',	0,	'0000-00-00 00:00:00',	'0000-00-00 00:00:00',	0),
(118,	'',	'',	0,	'0000-00-00 00:00:00',	'0000-00-00 00:00:00',	0),
(119,	'',	'',	0,	'0000-00-00 00:00:00',	'0000-00-00 00:00:00',	0),
(120,	'',	'',	0,	'0000-00-00 00:00:00',	'0000-00-00 00:00:00',	0),
(121,	'',	'',	0,	'0000-00-00 00:00:00',	'0000-00-00 00:00:00',	0),
(122,	'',	'',	0,	'0000-00-00 00:00:00',	'0000-00-00 00:00:00',	0),
(123,	'',	'',	0,	'0000-00-00 00:00:00',	'0000-00-00 00:00:00',	0),
(124,	'',	'',	0,	'0000-00-00 00:00:00',	'0000-00-00 00:00:00',	0),
(125,	'',	'',	0,	'0000-00-00 00:00:00',	'0000-00-00 00:00:00',	0),
(126,	'',	'',	0,	'0000-00-00 00:00:00',	'0000-00-00 00:00:00',	0),
(127,	'',	'',	0,	'0000-00-00 00:00:00',	'0000-00-00 00:00:00',	0),
(128,	'',	'',	0,	'0000-00-00 00:00:00',	'0000-00-00 00:00:00',	0),
(129,	'',	'',	0,	'0000-00-00 00:00:00',	'0000-00-00 00:00:00',	0),
(130,	'',	'',	0,	'0000-00-00 00:00:00',	'0000-00-00 00:00:00',	0),
(131,	'',	'',	0,	'0000-00-00 00:00:00',	'0000-00-00 00:00:00',	0),
(132,	'',	'',	0,	'0000-00-00 00:00:00',	'0000-00-00 00:00:00',	0),
(133,	'',	'',	0,	'0000-00-00 00:00:00',	'0000-00-00 00:00:00',	0),
(134,	'',	'',	0,	'0000-00-00 00:00:00',	'0000-00-00 00:00:00',	0),
(135,	'',	'',	0,	'0000-00-00 00:00:00',	'0000-00-00 00:00:00',	0),
(136,	'',	'',	0,	'0000-00-00 00:00:00',	'0000-00-00 00:00:00',	0),
(137,	'',	'',	0,	'0000-00-00 00:00:00',	'0000-00-00 00:00:00',	0),
(138,	'',	'',	0,	'0000-00-00 00:00:00',	'0000-00-00 00:00:00',	0),
(139,	'',	'',	0,	'0000-00-00 00:00:00',	'0000-00-00 00:00:00',	0),
(140,	'',	'',	0,	'0000-00-00 00:00:00',	'0000-00-00 00:00:00',	0),
(141,	'',	'',	0,	'0000-00-00 00:00:00',	'0000-00-00 00:00:00',	0),
(142,	'',	'',	0,	'0000-00-00 00:00:00',	'0000-00-00 00:00:00',	0),
(143,	'',	'',	0,	'0000-00-00 00:00:00',	'0000-00-00 00:00:00',	0),
(144,	'',	'',	0,	'0000-00-00 00:00:00',	'0000-00-00 00:00:00',	0),
(145,	'',	'',	0,	'0000-00-00 00:00:00',	'0000-00-00 00:00:00',	0),
(146,	'',	'',	0,	'0000-00-00 00:00:00',	'0000-00-00 00:00:00',	0),
(147,	'',	'',	0,	'0000-00-00 00:00:00',	'0000-00-00 00:00:00',	0),
(148,	'',	'',	0,	'0000-00-00 00:00:00',	'0000-00-00 00:00:00',	0),
(149,	'',	'',	0,	'0000-00-00 00:00:00',	'0000-00-00 00:00:00',	0),
(150,	'',	'',	0,	'0000-00-00 00:00:00',	'0000-00-00 00:00:00',	0),
(151,	'',	'',	0,	'0000-00-00 00:00:00',	'0000-00-00 00:00:00',	0),
(152,	'',	'',	0,	'0000-00-00 00:00:00',	'0000-00-00 00:00:00',	0),
(153,	'',	'',	0,	'0000-00-00 00:00:00',	'0000-00-00 00:00:00',	0),
(154,	'',	'',	0,	'0000-00-00 00:00:00',	'0000-00-00 00:00:00',	0),
(155,	'',	'',	0,	'0000-00-00 00:00:00',	'0000-00-00 00:00:00',	0),
(156,	'',	'',	0,	'0000-00-00 00:00:00',	'0000-00-00 00:00:00',	0),
(157,	'',	'',	0,	'0000-00-00 00:00:00',	'0000-00-00 00:00:00',	0),
(158,	'',	'',	0,	'0000-00-00 00:00:00',	'0000-00-00 00:00:00',	0),
(159,	'',	'',	0,	'0000-00-00 00:00:00',	'0000-00-00 00:00:00',	0),
(160,	'',	'',	0,	'0000-00-00 00:00:00',	'0000-00-00 00:00:00',	0),
(161,	'',	'',	0,	'0000-00-00 00:00:00',	'0000-00-00 00:00:00',	0),
(162,	'',	'',	0,	'0000-00-00 00:00:00',	'0000-00-00 00:00:00',	0),
(163,	'',	'',	0,	'0000-00-00 00:00:00',	'0000-00-00 00:00:00',	0),
(164,	'',	'',	0,	'0000-00-00 00:00:00',	'0000-00-00 00:00:00',	0),
(165,	'',	'',	0,	'0000-00-00 00:00:00',	'0000-00-00 00:00:00',	0),
(166,	'',	'',	0,	'0000-00-00 00:00:00',	'0000-00-00 00:00:00',	0),
(167,	'',	'',	0,	'0000-00-00 00:00:00',	'0000-00-00 00:00:00',	0),
(168,	'',	'',	0,	'0000-00-00 00:00:00',	'0000-00-00 00:00:00',	0),
(169,	'',	'',	0,	'0000-00-00 00:00:00',	'0000-00-00 00:00:00',	0),
(170,	'',	'',	0,	'0000-00-00 00:00:00',	'0000-00-00 00:00:00',	0),
(171,	'',	'',	0,	'0000-00-00 00:00:00',	'0000-00-00 00:00:00',	0),
(172,	'',	'',	0,	'0000-00-00 00:00:00',	'0000-00-00 00:00:00',	0),
(173,	'',	'',	0,	'0000-00-00 00:00:00',	'0000-00-00 00:00:00',	0),
(174,	'',	'',	0,	'0000-00-00 00:00:00',	'0000-00-00 00:00:00',	0),
(175,	'',	'',	0,	'0000-00-00 00:00:00',	'0000-00-00 00:00:00',	0),
(176,	'',	'',	0,	'0000-00-00 00:00:00',	'0000-00-00 00:00:00',	0),
(177,	'',	'',	0,	'0000-00-00 00:00:00',	'0000-00-00 00:00:00',	0),
(178,	'',	'',	0,	'0000-00-00 00:00:00',	'0000-00-00 00:00:00',	0),
(179,	'',	'',	0,	'0000-00-00 00:00:00',	'0000-00-00 00:00:00',	0),
(180,	'',	'',	0,	'0000-00-00 00:00:00',	'0000-00-00 00:00:00',	0),
(181,	'',	'',	0,	'0000-00-00 00:00:00',	'0000-00-00 00:00:00',	0),
(182,	'',	'',	0,	'0000-00-00 00:00:00',	'0000-00-00 00:00:00',	0),
(183,	'',	'',	0,	'0000-00-00 00:00:00',	'0000-00-00 00:00:00',	0),
(184,	'',	'',	0,	'0000-00-00 00:00:00',	'0000-00-00 00:00:00',	0),
(185,	'',	'',	0,	'0000-00-00 00:00:00',	'0000-00-00 00:00:00',	0),
(186,	'',	'',	0,	'0000-00-00 00:00:00',	'0000-00-00 00:00:00',	0),
(187,	'',	'',	0,	'0000-00-00 00:00:00',	'0000-00-00 00:00:00',	0),
(188,	'',	'',	0,	'0000-00-00 00:00:00',	'0000-00-00 00:00:00',	0),
(189,	'',	'',	0,	'0000-00-00 00:00:00',	'0000-00-00 00:00:00',	0),
(190,	'',	'',	0,	'0000-00-00 00:00:00',	'0000-00-00 00:00:00',	0),
(191,	'',	'',	0,	'0000-00-00 00:00:00',	'0000-00-00 00:00:00',	0),
(192,	'',	'',	0,	'0000-00-00 00:00:00',	'0000-00-00 00:00:00',	0),
(193,	'',	'',	0,	'0000-00-00 00:00:00',	'0000-00-00 00:00:00',	0),
(194,	'',	'',	0,	'0000-00-00 00:00:00',	'0000-00-00 00:00:00',	0),
(195,	'',	'',	0,	'0000-00-00 00:00:00',	'0000-00-00 00:00:00',	0),
(196,	'',	'',	0,	'0000-00-00 00:00:00',	'0000-00-00 00:00:00',	0),
(197,	'',	'',	0,	'0000-00-00 00:00:00',	'0000-00-00 00:00:00',	0),
(198,	'',	'',	0,	'0000-00-00 00:00:00',	'0000-00-00 00:00:00',	0),
(199,	'',	'',	0,	'0000-00-00 00:00:00',	'0000-00-00 00:00:00',	0),
(200,	'',	'',	0,	'0000-00-00 00:00:00',	'0000-00-00 00:00:00',	0),
(201,	'',	'',	0,	'0000-00-00 00:00:00',	'0000-00-00 00:00:00',	0),
(202,	'',	'',	0,	'0000-00-00 00:00:00',	'0000-00-00 00:00:00',	0),
(203,	'',	'',	0,	'0000-00-00 00:00:00',	'0000-00-00 00:00:00',	0),
(204,	'',	'',	0,	'0000-00-00 00:00:00',	'0000-00-00 00:00:00',	0),
(205,	'',	'',	0,	'0000-00-00 00:00:00',	'0000-00-00 00:00:00',	0),
(206,	'',	'',	0,	'0000-00-00 00:00:00',	'0000-00-00 00:00:00',	0),
(207,	'',	'',	0,	'0000-00-00 00:00:00',	'0000-00-00 00:00:00',	0),
(208,	'',	'',	0,	'0000-00-00 00:00:00',	'0000-00-00 00:00:00',	0),
(209,	'',	'',	0,	'0000-00-00 00:00:00',	'0000-00-00 00:00:00',	0),
(210,	'',	'',	0,	'0000-00-00 00:00:00',	'0000-00-00 00:00:00',	0),
(211,	'',	'',	0,	'0000-00-00 00:00:00',	'0000-00-00 00:00:00',	0),
(212,	'',	'',	0,	'0000-00-00 00:00:00',	'0000-00-00 00:00:00',	0),
(213,	'',	'',	0,	'0000-00-00 00:00:00',	'0000-00-00 00:00:00',	0),
(214,	'',	'',	0,	'0000-00-00 00:00:00',	'0000-00-00 00:00:00',	0),
(215,	'',	'',	0,	'0000-00-00 00:00:00',	'0000-00-00 00:00:00',	0),
(216,	'',	'',	0,	'0000-00-00 00:00:00',	'0000-00-00 00:00:00',	0),
(217,	'',	'',	0,	'0000-00-00 00:00:00',	'0000-00-00 00:00:00',	0),
(218,	'',	'',	0,	'0000-00-00 00:00:00',	'0000-00-00 00:00:00',	0),
(219,	'',	'',	0,	'0000-00-00 00:00:00',	'0000-00-00 00:00:00',	0),
(220,	'',	'',	0,	'0000-00-00 00:00:00',	'0000-00-00 00:00:00',	0),
(221,	'',	'',	0,	'0000-00-00 00:00:00',	'0000-00-00 00:00:00',	0),
(222,	'',	'',	0,	'0000-00-00 00:00:00',	'0000-00-00 00:00:00',	0),
(223,	'',	'',	0,	'0000-00-00 00:00:00',	'0000-00-00 00:00:00',	0),
(224,	'',	'',	0,	'0000-00-00 00:00:00',	'0000-00-00 00:00:00',	0),
(225,	'',	'',	0,	'0000-00-00 00:00:00',	'0000-00-00 00:00:00',	0),
(226,	'',	'',	0,	'0000-00-00 00:00:00',	'0000-00-00 00:00:00',	0),
(227,	'',	'',	0,	'0000-00-00 00:00:00',	'0000-00-00 00:00:00',	0),
(228,	'',	'',	0,	'0000-00-00 00:00:00',	'0000-00-00 00:00:00',	0),
(229,	'',	'',	0,	'0000-00-00 00:00:00',	'0000-00-00 00:00:00',	0),
(230,	'',	'',	0,	'0000-00-00 00:00:00',	'0000-00-00 00:00:00',	0),
(231,	'',	'',	0,	'0000-00-00 00:00:00',	'0000-00-00 00:00:00',	0),
(232,	'',	'',	0,	'0000-00-00 00:00:00',	'0000-00-00 00:00:00',	0),
(233,	'',	'',	0,	'0000-00-00 00:00:00',	'0000-00-00 00:00:00',	0),
(234,	'',	'',	0,	'0000-00-00 00:00:00',	'0000-00-00 00:00:00',	0),
(235,	'',	'',	0,	'0000-00-00 00:00:00',	'0000-00-00 00:00:00',	0),
(236,	'',	'',	0,	'0000-00-00 00:00:00',	'0000-00-00 00:00:00',	0),
(237,	'',	'',	0,	'0000-00-00 00:00:00',	'0000-00-00 00:00:00',	0),
(238,	'',	'',	0,	'0000-00-00 00:00:00',	'0000-00-00 00:00:00',	0),
(239,	'',	'',	0,	'0000-00-00 00:00:00',	'0000-00-00 00:00:00',	0),
(240,	'',	'',	0,	'0000-00-00 00:00:00',	'0000-00-00 00:00:00',	0),
(241,	'',	'',	0,	'0000-00-00 00:00:00',	'0000-00-00 00:00:00',	0),
(242,	'',	'',	0,	'0000-00-00 00:00:00',	'0000-00-00 00:00:00',	0),
(243,	'',	'',	0,	'0000-00-00 00:00:00',	'0000-00-00 00:00:00',	0),
(244,	'',	'',	0,	'0000-00-00 00:00:00',	'0000-00-00 00:00:00',	0),
(245,	'',	'',	0,	'0000-00-00 00:00:00',	'0000-00-00 00:00:00',	0),
(246,	'',	'',	0,	'0000-00-00 00:00:00',	'0000-00-00 00:00:00',	0),
(247,	'',	'',	0,	'0000-00-00 00:00:00',	'0000-00-00 00:00:00',	0),
(248,	'',	'',	0,	'0000-00-00 00:00:00',	'0000-00-00 00:00:00',	0),
(249,	'',	'',	0,	'0000-00-00 00:00:00',	'0000-00-00 00:00:00',	0),
(250,	'',	'',	0,	'0000-00-00 00:00:00',	'0000-00-00 00:00:00',	0),
(251,	'',	'',	0,	'0000-00-00 00:00:00',	'0000-00-00 00:00:00',	0),
(252,	'',	'',	0,	'0000-00-00 00:00:00',	'0000-00-00 00:00:00',	0),
(253,	'',	'',	0,	'0000-00-00 00:00:00',	'0000-00-00 00:00:00',	0),
(254,	'',	'',	0,	'0000-00-00 00:00:00',	'0000-00-00 00:00:00',	0),
(255,	'',	'',	0,	'0000-00-00 00:00:00',	'0000-00-00 00:00:00',	0),
(256,	'',	'',	0,	'0000-00-00 00:00:00',	'0000-00-00 00:00:00',	0),
(257,	'',	'',	0,	'0000-00-00 00:00:00',	'0000-00-00 00:00:00',	0),
(258,	'',	'',	0,	'0000-00-00 00:00:00',	'0000-00-00 00:00:00',	0),
(259,	'',	'',	0,	'0000-00-00 00:00:00',	'0000-00-00 00:00:00',	0),
(260,	'',	'',	0,	'0000-00-00 00:00:00',	'0000-00-00 00:00:00',	0),
(261,	'',	'',	0,	'0000-00-00 00:00:00',	'0000-00-00 00:00:00',	0),
(262,	'',	'',	0,	'0000-00-00 00:00:00',	'0000-00-00 00:00:00',	0),
(263,	'',	'',	0,	'0000-00-00 00:00:00',	'0000-00-00 00:00:00',	0),
(264,	'',	'',	0,	'0000-00-00 00:00:00',	'0000-00-00 00:00:00',	0),
(265,	'',	'',	0,	'0000-00-00 00:00:00',	'0000-00-00 00:00:00',	0),
(266,	'',	'',	0,	'0000-00-00 00:00:00',	'0000-00-00 00:00:00',	0),
(267,	'',	'',	0,	'0000-00-00 00:00:00',	'0000-00-00 00:00:00',	0),
(268,	'',	'',	0,	'0000-00-00 00:00:00',	'0000-00-00 00:00:00',	0),
(269,	'',	'',	0,	'0000-00-00 00:00:00',	'0000-00-00 00:00:00',	0),
(270,	'',	'',	0,	'0000-00-00 00:00:00',	'0000-00-00 00:00:00',	0),
(271,	'',	'',	0,	'0000-00-00 00:00:00',	'0000-00-00 00:00:00',	0),
(272,	'',	'',	0,	'0000-00-00 00:00:00',	'0000-00-00 00:00:00',	0),
(273,	'',	'',	0,	'0000-00-00 00:00:00',	'0000-00-00 00:00:00',	0),
(274,	'',	'',	0,	'0000-00-00 00:00:00',	'0000-00-00 00:00:00',	0),
(275,	'',	'',	0,	'0000-00-00 00:00:00',	'0000-00-00 00:00:00',	0),
(276,	'',	'',	0,	'0000-00-00 00:00:00',	'0000-00-00 00:00:00',	0),
(277,	'',	'',	0,	'0000-00-00 00:00:00',	'0000-00-00 00:00:00',	0),
(278,	'',	'',	0,	'0000-00-00 00:00:00',	'0000-00-00 00:00:00',	0),
(279,	'',	'',	0,	'0000-00-00 00:00:00',	'0000-00-00 00:00:00',	0),
(280,	'',	'',	0,	'0000-00-00 00:00:00',	'0000-00-00 00:00:00',	0),
(281,	'',	'',	0,	'0000-00-00 00:00:00',	'0000-00-00 00:00:00',	0),
(282,	'',	'',	0,	'0000-00-00 00:00:00',	'0000-00-00 00:00:00',	0),
(283,	'',	'',	0,	'0000-00-00 00:00:00',	'0000-00-00 00:00:00',	0),
(284,	'',	'',	0,	'0000-00-00 00:00:00',	'0000-00-00 00:00:00',	0),
(285,	'',	'',	0,	'0000-00-00 00:00:00',	'0000-00-00 00:00:00',	0),
(286,	'',	'',	0,	'0000-00-00 00:00:00',	'0000-00-00 00:00:00',	0),
(287,	'',	'',	0,	'0000-00-00 00:00:00',	'0000-00-00 00:00:00',	0),
(288,	'',	'',	0,	'0000-00-00 00:00:00',	'0000-00-00 00:00:00',	0),
(289,	'',	'',	0,	'0000-00-00 00:00:00',	'0000-00-00 00:00:00',	0),
(290,	'',	'',	0,	'0000-00-00 00:00:00',	'0000-00-00 00:00:00',	0),
(291,	'',	'',	0,	'0000-00-00 00:00:00',	'0000-00-00 00:00:00',	0),
(292,	'',	'',	0,	'0000-00-00 00:00:00',	'0000-00-00 00:00:00',	0),
(293,	'',	'',	0,	'0000-00-00 00:00:00',	'0000-00-00 00:00:00',	0),
(294,	'',	'',	0,	'0000-00-00 00:00:00',	'0000-00-00 00:00:00',	0),
(295,	'',	'',	0,	'0000-00-00 00:00:00',	'0000-00-00 00:00:00',	0),
(296,	'',	'',	0,	'0000-00-00 00:00:00',	'0000-00-00 00:00:00',	0),
(297,	'',	'',	0,	'0000-00-00 00:00:00',	'0000-00-00 00:00:00',	0),
(298,	'',	'',	0,	'0000-00-00 00:00:00',	'0000-00-00 00:00:00',	0),
(299,	'',	'',	0,	'0000-00-00 00:00:00',	'0000-00-00 00:00:00',	0),
(300,	'',	'',	0,	'0000-00-00 00:00:00',	'0000-00-00 00:00:00',	0),
(301,	'',	'',	0,	'0000-00-00 00:00:00',	'0000-00-00 00:00:00',	0),
(302,	'',	'',	0,	'0000-00-00 00:00:00',	'0000-00-00 00:00:00',	0),
(303,	'',	'',	0,	'0000-00-00 00:00:00',	'0000-00-00 00:00:00',	0),
(304,	'',	'',	0,	'0000-00-00 00:00:00',	'0000-00-00 00:00:00',	0),
(305,	'',	'',	0,	'0000-00-00 00:00:00',	'0000-00-00 00:00:00',	0),
(306,	'',	'',	0,	'0000-00-00 00:00:00',	'0000-00-00 00:00:00',	0),
(307,	'',	'',	0,	'0000-00-00 00:00:00',	'0000-00-00 00:00:00',	0),
(308,	'',	'',	0,	'0000-00-00 00:00:00',	'0000-00-00 00:00:00',	0),
(309,	'',	'',	0,	'0000-00-00 00:00:00',	'0000-00-00 00:00:00',	0),
(310,	'',	'',	0,	'0000-00-00 00:00:00',	'0000-00-00 00:00:00',	0),
(311,	'',	'',	0,	'0000-00-00 00:00:00',	'0000-00-00 00:00:00',	0),
(312,	'',	'',	0,	'0000-00-00 00:00:00',	'0000-00-00 00:00:00',	0),
(313,	'',	'',	0,	'0000-00-00 00:00:00',	'0000-00-00 00:00:00',	0),
(314,	'',	'',	0,	'0000-00-00 00:00:00',	'0000-00-00 00:00:00',	0),
(315,	'',	'',	0,	'0000-00-00 00:00:00',	'0000-00-00 00:00:00',	0),
(316,	'',	'',	0,	'0000-00-00 00:00:00',	'0000-00-00 00:00:00',	0),
(317,	'',	'',	0,	'0000-00-00 00:00:00',	'0000-00-00 00:00:00',	0),
(318,	'',	'',	0,	'0000-00-00 00:00:00',	'0000-00-00 00:00:00',	0),
(319,	'',	'',	0,	'0000-00-00 00:00:00',	'0000-00-00 00:00:00',	0),
(320,	'',	'',	0,	'0000-00-00 00:00:00',	'0000-00-00 00:00:00',	0),
(321,	'',	'',	0,	'0000-00-00 00:00:00',	'0000-00-00 00:00:00',	0),
(322,	'',	'',	0,	'0000-00-00 00:00:00',	'0000-00-00 00:00:00',	0),
(323,	'',	'',	0,	'0000-00-00 00:00:00',	'0000-00-00 00:00:00',	0),
(324,	'',	'',	0,	'0000-00-00 00:00:00',	'0000-00-00 00:00:00',	0),
(325,	'',	'',	0,	'0000-00-00 00:00:00',	'0000-00-00 00:00:00',	0),
(326,	'',	'',	0,	'0000-00-00 00:00:00',	'0000-00-00 00:00:00',	0),
(327,	'',	'',	0,	'0000-00-00 00:00:00',	'0000-00-00 00:00:00',	0),
(328,	'',	'',	0,	'0000-00-00 00:00:00',	'0000-00-00 00:00:00',	0),
(329,	'',	'',	0,	'0000-00-00 00:00:00',	'0000-00-00 00:00:00',	0),
(330,	'',	'',	0,	'0000-00-00 00:00:00',	'0000-00-00 00:00:00',	0),
(331,	'',	'',	0,	'0000-00-00 00:00:00',	'0000-00-00 00:00:00',	0),
(332,	'',	'',	0,	'0000-00-00 00:00:00',	'0000-00-00 00:00:00',	0),
(333,	'',	'',	0,	'0000-00-00 00:00:00',	'0000-00-00 00:00:00',	0),
(334,	'',	'',	0,	'0000-00-00 00:00:00',	'0000-00-00 00:00:00',	0),
(335,	'',	'',	0,	'0000-00-00 00:00:00',	'0000-00-00 00:00:00',	0),
(336,	'',	'',	0,	'0000-00-00 00:00:00',	'0000-00-00 00:00:00',	0),
(337,	'',	'',	0,	'0000-00-00 00:00:00',	'0000-00-00 00:00:00',	0),
(338,	'',	'',	0,	'0000-00-00 00:00:00',	'0000-00-00 00:00:00',	0),
(339,	'',	'',	0,	'0000-00-00 00:00:00',	'0000-00-00 00:00:00',	0),
(340,	'',	'',	0,	'0000-00-00 00:00:00',	'0000-00-00 00:00:00',	0),
(341,	'',	'',	0,	'0000-00-00 00:00:00',	'0000-00-00 00:00:00',	0),
(342,	'',	'',	0,	'0000-00-00 00:00:00',	'0000-00-00 00:00:00',	0),
(343,	'',	'',	0,	'0000-00-00 00:00:00',	'0000-00-00 00:00:00',	0),
(344,	'',	'',	0,	'0000-00-00 00:00:00',	'0000-00-00 00:00:00',	0),
(345,	'',	'',	0,	'0000-00-00 00:00:00',	'0000-00-00 00:00:00',	0),
(346,	'',	'',	0,	'0000-00-00 00:00:00',	'0000-00-00 00:00:00',	0),
(347,	'',	'',	0,	'0000-00-00 00:00:00',	'0000-00-00 00:00:00',	0),
(348,	'',	'',	0,	'0000-00-00 00:00:00',	'0000-00-00 00:00:00',	0),
(349,	'',	'',	0,	'0000-00-00 00:00:00',	'0000-00-00 00:00:00',	0),
(350,	'',	'',	0,	'0000-00-00 00:00:00',	'0000-00-00 00:00:00',	0),
(351,	'',	'',	0,	'0000-00-00 00:00:00',	'0000-00-00 00:00:00',	0),
(352,	'',	'',	0,	'0000-00-00 00:00:00',	'0000-00-00 00:00:00',	0),
(353,	'',	'',	0,	'0000-00-00 00:00:00',	'0000-00-00 00:00:00',	0),
(354,	'',	'',	0,	'0000-00-00 00:00:00',	'0000-00-00 00:00:00',	0),
(355,	'',	'',	0,	'0000-00-00 00:00:00',	'0000-00-00 00:00:00',	0),
(356,	'',	'',	0,	'0000-00-00 00:00:00',	'0000-00-00 00:00:00',	0),
(357,	'',	'',	0,	'0000-00-00 00:00:00',	'0000-00-00 00:00:00',	0),
(358,	'',	'',	0,	'0000-00-00 00:00:00',	'0000-00-00 00:00:00',	0),
(359,	'',	'',	0,	'0000-00-00 00:00:00',	'0000-00-00 00:00:00',	0),
(360,	'',	'',	0,	'0000-00-00 00:00:00',	'0000-00-00 00:00:00',	0),
(361,	'',	'',	0,	'0000-00-00 00:00:00',	'0000-00-00 00:00:00',	0),
(362,	'',	'',	0,	'0000-00-00 00:00:00',	'0000-00-00 00:00:00',	0),
(363,	'',	'',	0,	'0000-00-00 00:00:00',	'0000-00-00 00:00:00',	0),
(364,	'',	'',	0,	'0000-00-00 00:00:00',	'0000-00-00 00:00:00',	0),
(365,	'',	'',	0,	'0000-00-00 00:00:00',	'0000-00-00 00:00:00',	0),
(366,	'',	'',	0,	'0000-00-00 00:00:00',	'0000-00-00 00:00:00',	0),
(367,	'',	'',	0,	'0000-00-00 00:00:00',	'0000-00-00 00:00:00',	0),
(368,	'',	'',	0,	'0000-00-00 00:00:00',	'0000-00-00 00:00:00',	0),
(369,	'',	'',	0,	'0000-00-00 00:00:00',	'0000-00-00 00:00:00',	0),
(370,	'',	'',	0,	'0000-00-00 00:00:00',	'0000-00-00 00:00:00',	0),
(371,	'',	'',	0,	'0000-00-00 00:00:00',	'0000-00-00 00:00:00',	0),
(372,	'',	'',	0,	'0000-00-00 00:00:00',	'0000-00-00 00:00:00',	0),
(373,	'',	'',	0,	'0000-00-00 00:00:00',	'0000-00-00 00:00:00',	0),
(374,	'',	'',	0,	'0000-00-00 00:00:00',	'0000-00-00 00:00:00',	0),
(375,	'',	'',	0,	'0000-00-00 00:00:00',	'0000-00-00 00:00:00',	0),
(376,	'',	'',	0,	'0000-00-00 00:00:00',	'0000-00-00 00:00:00',	0),
(377,	'',	'',	0,	'0000-00-00 00:00:00',	'0000-00-00 00:00:00',	0),
(378,	'',	'',	0,	'0000-00-00 00:00:00',	'0000-00-00 00:00:00',	0),
(379,	'',	'',	0,	'0000-00-00 00:00:00',	'0000-00-00 00:00:00',	0),
(380,	'',	'',	0,	'0000-00-00 00:00:00',	'0000-00-00 00:00:00',	0),
(381,	'',	'',	0,	'0000-00-00 00:00:00',	'0000-00-00 00:00:00',	0),
(382,	'',	'',	0,	'0000-00-00 00:00:00',	'0000-00-00 00:00:00',	0),
(383,	'',	'',	0,	'0000-00-00 00:00:00',	'0000-00-00 00:00:00',	0),
(384,	'',	'',	0,	'0000-00-00 00:00:00',	'0000-00-00 00:00:00',	0),
(385,	'',	'',	0,	'0000-00-00 00:00:00',	'0000-00-00 00:00:00',	0),
(386,	'',	'',	0,	'0000-00-00 00:00:00',	'0000-00-00 00:00:00',	0),
(387,	'',	'',	0,	'0000-00-00 00:00:00',	'0000-00-00 00:00:00',	0),
(388,	'',	'',	0,	'0000-00-00 00:00:00',	'0000-00-00 00:00:00',	0),
(389,	'',	'',	0,	'0000-00-00 00:00:00',	'0000-00-00 00:00:00',	0),
(390,	'',	'',	0,	'0000-00-00 00:00:00',	'0000-00-00 00:00:00',	0),
(391,	'',	'',	0,	'0000-00-00 00:00:00',	'0000-00-00 00:00:00',	0),
(392,	'',	'',	0,	'0000-00-00 00:00:00',	'0000-00-00 00:00:00',	0),
(393,	'',	'',	0,	'0000-00-00 00:00:00',	'0000-00-00 00:00:00',	0),
(394,	'',	'',	0,	'0000-00-00 00:00:00',	'0000-00-00 00:00:00',	0),
(395,	'',	'',	0,	'0000-00-00 00:00:00',	'0000-00-00 00:00:00',	0),
(396,	'',	'',	0,	'0000-00-00 00:00:00',	'0000-00-00 00:00:00',	0),
(397,	'',	'',	0,	'0000-00-00 00:00:00',	'0000-00-00 00:00:00',	0),
(398,	'',	'',	0,	'0000-00-00 00:00:00',	'0000-00-00 00:00:00',	0),
(399,	'',	'',	0,	'0000-00-00 00:00:00',	'0000-00-00 00:00:00',	0),
(400,	'',	'',	0,	'0000-00-00 00:00:00',	'0000-00-00 00:00:00',	0),
(401,	'',	'',	0,	'0000-00-00 00:00:00',	'0000-00-00 00:00:00',	0),
(402,	'',	'',	0,	'0000-00-00 00:00:00',	'0000-00-00 00:00:00',	0),
(403,	'',	'',	0,	'0000-00-00 00:00:00',	'0000-00-00 00:00:00',	0),
(404,	'',	'',	0,	'0000-00-00 00:00:00',	'0000-00-00 00:00:00',	0),
(405,	'',	'',	0,	'0000-00-00 00:00:00',	'0000-00-00 00:00:00',	0),
(406,	'',	'',	0,	'0000-00-00 00:00:00',	'0000-00-00 00:00:00',	0),
(407,	'',	'',	0,	'0000-00-00 00:00:00',	'0000-00-00 00:00:00',	0),
(408,	'',	'',	0,	'0000-00-00 00:00:00',	'0000-00-00 00:00:00',	0),
(409,	'',	'',	0,	'0000-00-00 00:00:00',	'0000-00-00 00:00:00',	0),
(410,	'',	'',	0,	'0000-00-00 00:00:00',	'0000-00-00 00:00:00',	0),
(411,	'',	'',	0,	'0000-00-00 00:00:00',	'0000-00-00 00:00:00',	0),
(412,	'',	'',	0,	'0000-00-00 00:00:00',	'0000-00-00 00:00:00',	0),
(413,	'',	'',	0,	'0000-00-00 00:00:00',	'0000-00-00 00:00:00',	0),
(414,	'',	'',	0,	'0000-00-00 00:00:00',	'0000-00-00 00:00:00',	0),
(415,	'',	'',	0,	'0000-00-00 00:00:00',	'0000-00-00 00:00:00',	0),
(416,	'',	'',	0,	'0000-00-00 00:00:00',	'0000-00-00 00:00:00',	0),
(417,	'',	'',	0,	'0000-00-00 00:00:00',	'0000-00-00 00:00:00',	0),
(418,	'',	'',	0,	'0000-00-00 00:00:00',	'0000-00-00 00:00:00',	0),
(419,	'',	'',	0,	'0000-00-00 00:00:00',	'0000-00-00 00:00:00',	0),
(420,	'',	'',	0,	'0000-00-00 00:00:00',	'0000-00-00 00:00:00',	0),
(421,	'',	'',	0,	'0000-00-00 00:00:00',	'0000-00-00 00:00:00',	0),
(422,	'',	'',	0,	'0000-00-00 00:00:00',	'0000-00-00 00:00:00',	0),
(423,	'',	'',	0,	'0000-00-00 00:00:00',	'0000-00-00 00:00:00',	0),
(424,	'',	'',	0,	'0000-00-00 00:00:00',	'0000-00-00 00:00:00',	0),
(425,	'',	'',	0,	'0000-00-00 00:00:00',	'0000-00-00 00:00:00',	0),
(426,	'',	'',	0,	'0000-00-00 00:00:00',	'0000-00-00 00:00:00',	0),
(427,	'',	'',	0,	'0000-00-00 00:00:00',	'0000-00-00 00:00:00',	0),
(428,	'',	'',	0,	'0000-00-00 00:00:00',	'0000-00-00 00:00:00',	0),
(429,	'',	'',	0,	'0000-00-00 00:00:00',	'0000-00-00 00:00:00',	0),
(430,	'',	'',	0,	'0000-00-00 00:00:00',	'0000-00-00 00:00:00',	0),
(431,	'',	'',	0,	'0000-00-00 00:00:00',	'0000-00-00 00:00:00',	0),
(432,	'',	'',	0,	'0000-00-00 00:00:00',	'0000-00-00 00:00:00',	0),
(433,	'',	'',	0,	'0000-00-00 00:00:00',	'0000-00-00 00:00:00',	0),
(434,	'',	'',	0,	'0000-00-00 00:00:00',	'0000-00-00 00:00:00',	0),
(435,	'',	'',	0,	'0000-00-00 00:00:00',	'0000-00-00 00:00:00',	0),
(436,	'',	'',	0,	'0000-00-00 00:00:00',	'0000-00-00 00:00:00',	0),
(437,	'',	'',	0,	'0000-00-00 00:00:00',	'0000-00-00 00:00:00',	0),
(438,	'',	'',	0,	'0000-00-00 00:00:00',	'0000-00-00 00:00:00',	0),
(439,	'',	'',	0,	'0000-00-00 00:00:00',	'0000-00-00 00:00:00',	0),
(440,	'',	'',	0,	'0000-00-00 00:00:00',	'0000-00-00 00:00:00',	0),
(441,	'',	'',	0,	'0000-00-00 00:00:00',	'0000-00-00 00:00:00',	0),
(442,	'',	'',	0,	'0000-00-00 00:00:00',	'0000-00-00 00:00:00',	0),
(443,	'',	'',	0,	'0000-00-00 00:00:00',	'0000-00-00 00:00:00',	0),
(444,	'',	'',	0,	'0000-00-00 00:00:00',	'0000-00-00 00:00:00',	0),
(445,	'',	'',	0,	'0000-00-00 00:00:00',	'0000-00-00 00:00:00',	0),
(446,	'',	'',	0,	'0000-00-00 00:00:00',	'0000-00-00 00:00:00',	0),
(447,	'',	'',	0,	'0000-00-00 00:00:00',	'0000-00-00 00:00:00',	0),
(448,	'',	'',	0,	'0000-00-00 00:00:00',	'0000-00-00 00:00:00',	0),
(449,	'',	'',	0,	'0000-00-00 00:00:00',	'0000-00-00 00:00:00',	0),
(450,	'',	'',	0,	'0000-00-00 00:00:00',	'0000-00-00 00:00:00',	0),
(451,	'',	'',	0,	'0000-00-00 00:00:00',	'0000-00-00 00:00:00',	0),
(452,	'',	'',	0,	'0000-00-00 00:00:00',	'0000-00-00 00:00:00',	0),
(453,	'',	'',	0,	'0000-00-00 00:00:00',	'0000-00-00 00:00:00',	0),
(454,	'',	'',	0,	'0000-00-00 00:00:00',	'0000-00-00 00:00:00',	0),
(455,	'',	'',	0,	'0000-00-00 00:00:00',	'0000-00-00 00:00:00',	0),
(456,	'',	'',	0,	'0000-00-00 00:00:00',	'0000-00-00 00:00:00',	0),
(457,	'',	'',	0,	'0000-00-00 00:00:00',	'0000-00-00 00:00:00',	0),
(458,	'',	'',	0,	'0000-00-00 00:00:00',	'0000-00-00 00:00:00',	0),
(459,	'',	'',	0,	'0000-00-00 00:00:00',	'0000-00-00 00:00:00',	0),
(460,	'',	'',	0,	'0000-00-00 00:00:00',	'0000-00-00 00:00:00',	0),
(461,	'',	'',	0,	'0000-00-00 00:00:00',	'0000-00-00 00:00:00',	0),
(462,	'',	'',	0,	'0000-00-00 00:00:00',	'0000-00-00 00:00:00',	0),
(463,	'',	'',	0,	'0000-00-00 00:00:00',	'0000-00-00 00:00:00',	0),
(464,	'',	'',	0,	'0000-00-00 00:00:00',	'0000-00-00 00:00:00',	0),
(465,	'動画ステータス',	'movie_status',	0,	'0000-00-00 00:00:00',	'0000-00-00 00:00:00',	0),
(466,	'試験科目',	'test_section',	0,	'2017-11-23 11:42:47',	'2017-11-23 11:42:47',	0),
(467,	'帰国する場合',	'leaving_case',	0,	'2017-11-23 11:44:09',	'2017-11-23 11:44:09',	0),
(468,	'月',	'month',	2000,	'2017-11-23 11:49:01',	'0000-00-00 00:00:00',	0),
(469,	'卒業後の予定',	'plans_after_graduation_cd',	2000,	'2017-11-23 11:49:11',	'0000-00-00 00:00:00',	0),
(470,	'最終学歴_在籍状態',	'last_school_education_status',	2000,	'2017-11-23 11:49:11',	'0000-00-00 00:00:00',	0),
(471,	'奨学金支給機関',	'provide_scholarship_cd',	2000,	'2017-11-23 11:49:11',	'0000-00-00 00:00:00',	0),
(472,	'申請人との関係',	'supporter_relationship_cd',	2000,	'2017-11-23 11:49:11',	'0000-00-00 00:00:00',	0),
(473,	'ビザ期間',	'length_of_stay',	2000,	'2017-11-23 11:49:11',	'0000-00-00 00:00:00',	0),
(474,	'アルバイト業種',	'part_time_job_industry',	2000,	'2017-11-23 11:49:12',	'0000-00-00 00:00:00',	0),
(475,	'アルバイト_職務内容',	'part_time_job_type_cd',	2000,	'2017-11-23 11:49:12',	'0000-00-00 00:00:00',	0),
(476,	'アルバイト_報酬単位',	'part_time_job_salary_unit',	2000,	'2017-11-23 11:49:12',	'0000-00-00 00:00:00',	0),
(477,	'在留資格認定証明書交付_申請結果',	'residence_application_result',	2000,	'2017-11-23 11:49:12',	'0000-00-00 00:00:00',	0),
(478,	'申請書の承認ステータス',	'application_approve_status_cd',	0,	'2017-11-23 11:49:52',	'2017-11-23 11:49:52',	0),
(479,	'学校ルートライン',	'certificate_school_route_line',	0,	'2017-11-23 11:49:52',	'2017-11-23 11:49:52',	0),
(480,	'目的',	'certificate_purpose',	0,	'2017-11-23 11:49:52',	'2017-11-23 11:49:52',	0),
(481,	'提出先',	'certificate_submit_to',	0,	'2017-11-23 11:50:09',	'2017-11-23 11:50:09',	0),
(482,	'入力ステータス',	'input_status',	0,	'2017-11-30 18:36:05',	'2017-11-30 18:36:05',	0),
(483,	'ステータスを適用する',	'apply_status',	0,	'2017-11-30 18:36:05',	'2017-11-30 18:36:05',	0),
(484,	'認定結果',	'result_status',	2000,	'2017-11-30 18:36:05',	'2017-11-30 18:36:05',	0),
(486,	'公欠願入力画面',	'authorized_absent_reason_cd',	0,	'2017-12-27 15:30:15',	'2017-12-27 15:30:15',	0),
(487,	'請求書ステータス',	'invoice_status',	2000,	'2017-12-27 15:40:06',	'0000-00-00 00:00:00',	0),
(488,	'入金方法',	'payment_type',	0,	'2017-12-27 15:42:06',	'0000-00-00 00:00:00',	0),
(489,	'ヘルプ',	'helper',	0,	'2018-01-23 16:41:36',	'2018-01-23 16:41:36',	0),
(490,	'賞罰タイプ',	'reward_penalty_type',	0,	'2018-02-09 17:43:03',	'2018-02-09 17:43:03',	0),
(491,	'出席承認ステータス',	'attendance_approved_status',	0,	'2018-02-26 23:09:57',	'2018-02-26 23:09:57',	0),
(492,	'卒業判定',	'final_judgement',	0,	'2018-03-27 10:33:08',	'0000-00-00 00:00:00',	0),
(493,	'校種',	'educational_institution_type',	2000,	'2018-05-17 20:25:39',	'2018-05-17 20:25:39',	0),
(494,	'受付校舎',	'reception_school_building',	0,	'2019-02-13 16:52:40',	'2019-02-13 16:52:40',	0);

DROP TABLE IF EXISTS `system_code_detail`;
CREATE TABLE `system_code_detail` (
  `id` int(10) unsigned NOT NULL AUTO_INCREMENT,
  `system_code_id` int(10) unsigned NOT NULL DEFAULT '0',
  `code1` int(3) unsigned NOT NULL DEFAULT '0',
  `code2` int(3) unsigned NOT NULL DEFAULT '0',
  `code3` int(3) unsigned NOT NULL DEFAULT '0',
  `sequence` int(10) unsigned NOT NULL DEFAULT '0',
  `name` varchar(128) NOT NULL DEFAULT '',
  `column_name` varchar(128) NOT NULL DEFAULT '',
  `lastup_account_id` int(10) unsigned NOT NULL DEFAULT '0',
  `create_datetime` datetime NOT NULL DEFAULT '0000-00-00 00:00:00',
  `lastup_datetime` datetime NOT NULL DEFAULT '0000-00-00 00:00:00',
  `disable` tinyint(1) unsigned NOT NULL DEFAULT '0',
  PRIMARY KEY (`id`),
  KEY `system_code_id` (`system_code_id`)
) ENGINE=InnoDB DEFAULT CHARSET=utf8;

INSERT INTO `system_code_detail` (`id`, `system_code_id`, `code1`, `code2`, `code3`, `sequence`, `name`, `column_name`, `lastup_account_id`, `create_datetime`, `lastup_datetime`, `disable`) VALUES
(1,	1,	4,	0,	0,	0,	'アフガニスタン',	'Afghanistan',	99999999,	'0000-00-00 00:00:00',	'0000-00-00 00:00:00',	0),
(2,	1,	8,	0,	0,	0,	'アルバニア',	'Albania',	99999999,	'0000-00-00 00:00:00',	'0000-00-00 00:00:00',	0),
(3,	1,	10,	0,	0,	0,	'南極',	'Antarctica',	99999999,	'0000-00-00 00:00:00',	'0000-00-00 00:00:00',	0),
(4,	1,	12,	0,	0,	0,	'アルジェリア',	'Algeria',	99999999,	'0000-00-00 00:00:00',	'0000-00-00 00:00:00',	0),
(5,	1,	16,	0,	0,	0,	'アメリカ領サモア',	'American_Samoa',	99999999,	'0000-00-00 00:00:00',	'0000-00-00 00:00:00',	0),
(6,	1,	20,	0,	0,	0,	'アンドラ',	'Andorra',	99999999,	'0000-00-00 00:00:00',	'0000-00-00 00:00:00',	0),
(7,	1,	24,	0,	0,	0,	'アンゴラ',	'Angola',	99999999,	'0000-00-00 00:00:00',	'0000-00-00 00:00:00',	0),
(8,	1,	28,	0,	0,	0,	'アンティグア・バーブーダ',	'Antigua_and_Barbuda',	99999999,	'0000-00-00 00:00:00',	'0000-00-00 00:00:00',	0),
(9,	1,	31,	0,	0,	0,	'アゼルバイジャン',	'Azerbaijan',	99999999,	'0000-00-00 00:00:00',	'0000-00-00 00:00:00',	0),
(10,	1,	32,	0,	0,	0,	'アルゼンチン',	'Argentina',	99999999,	'0000-00-00 00:00:00',	'0000-00-00 00:00:00',	0),
(11,	1,	36,	0,	0,	0,	'オーストラリア',	'Australia',	99999999,	'0000-00-00 00:00:00',	'0000-00-00 00:00:00',	0),
(12,	1,	40,	0,	0,	0,	'オーストリア',	'Austria',	99999999,	'0000-00-00 00:00:00',	'0000-00-00 00:00:00',	0),
(13,	1,	44,	0,	0,	0,	'バハマ',	'Bahamas',	99999999,	'0000-00-00 00:00:00',	'0000-00-00 00:00:00',	0),
(14,	1,	48,	0,	0,	0,	'バーレーン',	'Bahrain',	99999999,	'0000-00-00 00:00:00',	'0000-00-00 00:00:00',	0),
(15,	1,	50,	0,	0,	0,	'バングラデシュ',	'Bangladesh',	99999999,	'0000-00-00 00:00:00',	'0000-00-00 00:00:00',	0),
(16,	1,	51,	0,	0,	0,	'アルメニア',	'Armenia',	99999999,	'0000-00-00 00:00:00',	'0000-00-00 00:00:00',	0),
(17,	1,	52,	0,	0,	0,	'バルバドス',	'Barbados',	99999999,	'0000-00-00 00:00:00',	'0000-00-00 00:00:00',	0),
(18,	1,	56,	0,	0,	0,	'ベルギー',	'Belgium',	99999999,	'0000-00-00 00:00:00',	'0000-00-00 00:00:00',	0),
(19,	1,	60,	0,	0,	0,	'バミューダ',	'Bermuda',	99999999,	'0000-00-00 00:00:00',	'0000-00-00 00:00:00',	0),
(20,	1,	64,	0,	0,	0,	'ブータン',	'Bhutan',	99999999,	'0000-00-00 00:00:00',	'0000-00-00 00:00:00',	0),
(21,	1,	68,	0,	0,	0,	'ボリビア多民族国',	'Bolivia,_Plurinational_State_of',	99999999,	'0000-00-00 00:00:00',	'0000-00-00 00:00:00',	0),
(22,	1,	70,	0,	0,	0,	'ボスニア・ヘルツェゴビナ',	'Bosnia_and_Herzegovina',	99999999,	'0000-00-00 00:00:00',	'0000-00-00 00:00:00',	0),
(23,	1,	72,	0,	0,	0,	'ボツワナ',	'Botswana',	99999999,	'0000-00-00 00:00:00',	'0000-00-00 00:00:00',	0),
(24,	1,	74,	0,	0,	0,	'ブーベ島',	'Bouvet_Island',	99999999,	'0000-00-00 00:00:00',	'0000-00-00 00:00:00',	0),
(25,	1,	76,	0,	0,	0,	'ブラジル',	'Brazil',	99999999,	'0000-00-00 00:00:00',	'0000-00-00 00:00:00',	0),
(26,	1,	84,	0,	0,	0,	'ベリーズ',	'Belize',	99999999,	'0000-00-00 00:00:00',	'0000-00-00 00:00:00',	0),
(27,	1,	86,	0,	0,	0,	'イギリス領インド洋地域',	'British_Indian_Ocean_Territory',	99999999,	'0000-00-00 00:00:00',	'0000-00-00 00:00:00',	0),
(28,	1,	90,	0,	0,	0,	'ソロモン諸島',	'Solomon_Islands',	99999999,	'0000-00-00 00:00:00',	'0000-00-00 00:00:00',	0),
(29,	1,	92,	0,	0,	0,	'イギリス領ヴァージン諸島',	'Virgin_Islands,_British',	99999999,	'0000-00-00 00:00:00',	'0000-00-00 00:00:00',	0),
(30,	1,	96,	0,	0,	0,	'ブルネイ・ダルサラーム',	'Brunei_Darussalam',	99999999,	'0000-00-00 00:00:00',	'0000-00-00 00:00:00',	0),
(31,	1,	100,	0,	0,	0,	'ブルガリア',	'Bulgaria',	99999999,	'0000-00-00 00:00:00',	'0000-00-00 00:00:00',	0),
(32,	1,	104,	0,	0,	0,	'ミャンマー',	'Myanmar',	99999999,	'0000-00-00 00:00:00',	'0000-00-00 00:00:00',	0),
(33,	1,	108,	0,	0,	0,	'ブルンジ',	'Burundi',	99999999,	'0000-00-00 00:00:00',	'0000-00-00 00:00:00',	0),
(34,	1,	112,	0,	0,	0,	'ベラルーシ',	'Belarus',	99999999,	'0000-00-00 00:00:00',	'0000-00-00 00:00:00',	0),
(35,	1,	116,	0,	0,	0,	'カンボジア',	'Cambodia',	99999999,	'0000-00-00 00:00:00',	'0000-00-00 00:00:00',	0),
(36,	1,	120,	0,	0,	0,	'カメルーン',	'Cameroon',	99999999,	'0000-00-00 00:00:00',	'0000-00-00 00:00:00',	0),
(37,	1,	124,	0,	0,	0,	'カナダ',	'Canada',	99999999,	'0000-00-00 00:00:00',	'0000-00-00 00:00:00',	0),
(38,	1,	132,	0,	0,	0,	'カーボベルデ',	'Cape_Verde',	99999999,	'0000-00-00 00:00:00',	'0000-00-00 00:00:00',	0),
(39,	1,	136,	0,	0,	0,	'ケイマン諸島',	'Cayman_Islands',	99999999,	'0000-00-00 00:00:00',	'0000-00-00 00:00:00',	0),
(40,	1,	140,	0,	0,	0,	'中央アフリカ共和国',	'Central_African_Republic',	99999999,	'0000-00-00 00:00:00',	'0000-00-00 00:00:00',	0),
(41,	1,	144,	0,	0,	0,	'スリランカ',	'Sri_Lanka',	99999999,	'0000-00-00 00:00:00',	'0000-00-00 00:00:00',	0),
(42,	1,	148,	0,	0,	0,	'チャド',	'Chad',	99999999,	'0000-00-00 00:00:00',	'0000-00-00 00:00:00',	0),
(43,	1,	152,	0,	0,	0,	'チリ',	'Chile',	99999999,	'0000-00-00 00:00:00',	'0000-00-00 00:00:00',	0),
(44,	1,	156,	0,	0,	0,	'中華人民共和国',	'China',	99999999,	'0000-00-00 00:00:00',	'0000-00-00 00:00:00',	0),
(45,	1,	158,	0,	0,	0,	'台湾',	'Taiwan,_Province_of_China',	99999999,	'0000-00-00 00:00:00',	'0000-00-00 00:00:00',	0),
(46,	1,	162,	0,	0,	0,	'クリスマス島',	'Christmas_Island',	99999999,	'0000-00-00 00:00:00',	'0000-00-00 00:00:00',	0),
(47,	1,	166,	0,	0,	0,	'ココス（キーリング）諸島',	'Cocos_(Keeling)_Islands',	99999999,	'0000-00-00 00:00:00',	'0000-00-00 00:00:00',	0),
(48,	1,	170,	0,	0,	0,	'コロンビア',	'Colombia',	99999999,	'0000-00-00 00:00:00',	'0000-00-00 00:00:00',	0),
(49,	1,	174,	0,	0,	0,	'コモロ',	'Comoros',	99999999,	'0000-00-00 00:00:00',	'0000-00-00 00:00:00',	0),
(50,	1,	175,	0,	0,	0,	'マヨット',	'Mayotte',	99999999,	'0000-00-00 00:00:00',	'0000-00-00 00:00:00',	0),
(51,	1,	178,	0,	0,	0,	'コンゴ共和国',	'Congo',	99999999,	'0000-00-00 00:00:00',	'0000-00-00 00:00:00',	0),
(52,	1,	180,	0,	0,	0,	'コンゴ民主共和国',	'Congo,_the_Democratic_Republic_of_the',	99999999,	'0000-00-00 00:00:00',	'0000-00-00 00:00:00',	0),
(53,	1,	184,	0,	0,	0,	'クック諸島',	'Cook_Islands',	99999999,	'0000-00-00 00:00:00',	'0000-00-00 00:00:00',	0),
(54,	1,	188,	0,	0,	0,	'コスタリカ',	'Costa_Rica',	99999999,	'0000-00-00 00:00:00',	'0000-00-00 00:00:00',	0),
(55,	1,	191,	0,	0,	0,	'クロアチア',	'Croatia',	99999999,	'0000-00-00 00:00:00',	'0000-00-00 00:00:00',	0),
(56,	1,	192,	0,	0,	0,	'キューバ',	'Cuba',	99999999,	'0000-00-00 00:00:00',	'0000-00-00 00:00:00',	0),
(57,	1,	196,	0,	0,	0,	'キプロス',	'Cyprus',	99999999,	'0000-00-00 00:00:00',	'0000-00-00 00:00:00',	0),
(58,	1,	203,	0,	0,	0,	'チェコ',	'Czechia',	99999999,	'0000-00-00 00:00:00',	'0000-00-00 00:00:00',	0),
(59,	1,	204,	0,	0,	0,	'ベナン',	'Benin',	99999999,	'0000-00-00 00:00:00',	'0000-00-00 00:00:00',	0),
(60,	1,	208,	0,	0,	0,	'デンマーク',	'Denmark',	99999999,	'0000-00-00 00:00:00',	'0000-00-00 00:00:00',	0),
(61,	1,	212,	0,	0,	0,	'ドミニカ国',	'Dominica',	99999999,	'0000-00-00 00:00:00',	'0000-00-00 00:00:00',	0),
(62,	1,	214,	0,	0,	0,	'ドミニカ共和国',	'Dominican_Republic',	99999999,	'0000-00-00 00:00:00',	'0000-00-00 00:00:00',	0),
(63,	1,	218,	0,	0,	0,	'エクアドル',	'Ecuador',	99999999,	'0000-00-00 00:00:00',	'0000-00-00 00:00:00',	0),
(64,	1,	222,	0,	0,	0,	'エルサルバドル',	'El_Salvador',	99999999,	'0000-00-00 00:00:00',	'0000-00-00 00:00:00',	0),
(65,	1,	226,	0,	0,	0,	'赤道ギニア',	'Equatorial_Guinea',	99999999,	'0000-00-00 00:00:00',	'0000-00-00 00:00:00',	0),
(66,	1,	231,	0,	0,	0,	'エチオピア',	'Ethiopia',	99999999,	'0000-00-00 00:00:00',	'0000-00-00 00:00:00',	0),
(67,	1,	232,	0,	0,	0,	'エリトリア',	'Eritrea',	99999999,	'0000-00-00 00:00:00',	'0000-00-00 00:00:00',	0),
(68,	1,	233,	0,	0,	0,	'エストニア',	'Estonia',	99999999,	'0000-00-00 00:00:00',	'0000-00-00 00:00:00',	0),
(69,	1,	234,	0,	0,	0,	'フェロー諸島',	'Faroe_Islands',	99999999,	'0000-00-00 00:00:00',	'0000-00-00 00:00:00',	0),
(70,	1,	238,	0,	0,	0,	'フォークランド（マルビナス）諸島',	'Falkland_Islands_(Malvinas)',	99999999,	'0000-00-00 00:00:00',	'0000-00-00 00:00:00',	0),
(71,	1,	239,	0,	0,	0,	'サウスジョージア・サウスサンドウィッチ諸島',	'South_Georgia_and_the_South_Sandwich_Islands',	99999999,	'0000-00-00 00:00:00',	'0000-00-00 00:00:00',	0),
(72,	1,	242,	0,	0,	0,	'フィジー',	'Fiji',	99999999,	'0000-00-00 00:00:00',	'0000-00-00 00:00:00',	0),
(73,	1,	246,	0,	0,	0,	'フィンランド',	'Finland',	99999999,	'0000-00-00 00:00:00',	'0000-00-00 00:00:00',	0),
(74,	1,	248,	0,	0,	0,	'オーランド諸島',	'Aland_Islands',	99999999,	'0000-00-00 00:00:00',	'0000-00-00 00:00:00',	0),
(75,	1,	250,	0,	0,	0,	'フランス',	'France',	99999999,	'0000-00-00 00:00:00',	'0000-00-00 00:00:00',	0),
(76,	1,	254,	0,	0,	0,	'フランス領ギアナ',	'French_Guiana',	99999999,	'0000-00-00 00:00:00',	'0000-00-00 00:00:00',	0),
(77,	1,	258,	0,	0,	0,	'フランス領ポリネシア',	'French_Polynesia',	99999999,	'0000-00-00 00:00:00',	'0000-00-00 00:00:00',	0),
(78,	1,	260,	0,	0,	0,	'フランス領南方・南極地域',	'French_Southern_Territories',	99999999,	'0000-00-00 00:00:00',	'0000-00-00 00:00:00',	0),
(79,	1,	262,	0,	0,	0,	'ジブチ',	'Djibouti',	99999999,	'0000-00-00 00:00:00',	'0000-00-00 00:00:00',	0),
(80,	1,	266,	0,	0,	0,	'ガボン',	'Gabon',	99999999,	'0000-00-00 00:00:00',	'0000-00-00 00:00:00',	0),
(81,	1,	268,	0,	0,	0,	'ジョージア',	'Georgia',	99999999,	'0000-00-00 00:00:00',	'0000-00-00 00:00:00',	0),
(82,	1,	270,	0,	0,	0,	'ガンビア',	'Gambia',	99999999,	'0000-00-00 00:00:00',	'0000-00-00 00:00:00',	0),
(83,	1,	275,	0,	0,	0,	'パレスチナ',	'Palestinian_Territory,_Occupied',	99999999,	'0000-00-00 00:00:00',	'0000-00-00 00:00:00',	0),
(84,	1,	276,	0,	0,	0,	'ドイツ',	'Germany',	99999999,	'0000-00-00 00:00:00',	'0000-00-00 00:00:00',	0),
(85,	1,	288,	0,	0,	0,	'ガーナ',	'Ghana',	99999999,	'0000-00-00 00:00:00',	'0000-00-00 00:00:00',	0),
(86,	1,	292,	0,	0,	0,	'ジブラルタル',	'Gibraltar',	99999999,	'0000-00-00 00:00:00',	'0000-00-00 00:00:00',	0),
(87,	1,	296,	0,	0,	0,	'キリバス',	'Kiribati',	99999999,	'0000-00-00 00:00:00',	'0000-00-00 00:00:00',	0),
(88,	1,	300,	0,	0,	0,	'ギリシャ',	'Greece',	99999999,	'0000-00-00 00:00:00',	'0000-00-00 00:00:00',	0),
(89,	1,	304,	0,	0,	0,	'グリーンランド',	'Greenland',	99999999,	'0000-00-00 00:00:00',	'0000-00-00 00:00:00',	0),
(90,	1,	308,	0,	0,	0,	'グレナダ',	'Grenada',	99999999,	'0000-00-00 00:00:00',	'0000-00-00 00:00:00',	0),
(91,	1,	312,	0,	0,	0,	'グアドループ',	'Guadeloupe',	99999999,	'0000-00-00 00:00:00',	'0000-00-00 00:00:00',	0),
(92,	1,	316,	0,	0,	0,	'グアム',	'Guam',	99999999,	'0000-00-00 00:00:00',	'0000-00-00 00:00:00',	0),
(93,	1,	320,	0,	0,	0,	'グアテマラ',	'Guatemala',	99999999,	'0000-00-00 00:00:00',	'0000-00-00 00:00:00',	0),
(94,	1,	324,	0,	0,	0,	'ギニア',	'Guinea',	99999999,	'0000-00-00 00:00:00',	'0000-00-00 00:00:00',	0),
(95,	1,	328,	0,	0,	0,	'ガイアナ',	'Guyana',	99999999,	'0000-00-00 00:00:00',	'0000-00-00 00:00:00',	0),
(96,	1,	332,	0,	0,	0,	'ハイチ',	'Haiti',	99999999,	'0000-00-00 00:00:00',	'0000-00-00 00:00:00',	0),
(97,	1,	334,	0,	0,	0,	'ハード島とマクドナルド諸島',	'Heard_Island_and_McDonald_Islands',	99999999,	'0000-00-00 00:00:00',	'0000-00-00 00:00:00',	0),
(98,	1,	336,	0,	0,	0,	'バチカン市国',	'Holy_See_(Vatican_City_State)',	99999999,	'0000-00-00 00:00:00',	'0000-00-00 00:00:00',	0),
(99,	1,	340,	0,	0,	0,	'ホンジュラス',	'Honduras',	99999999,	'0000-00-00 00:00:00',	'0000-00-00 00:00:00',	0),
(100,	1,	344,	0,	0,	0,	'香港',	'Hong_Kong',	99999999,	'0000-00-00 00:00:00',	'0000-00-00 00:00:00',	0),
(101,	1,	348,	0,	0,	0,	'ハンガリー',	'Hungary',	99999999,	'0000-00-00 00:00:00',	'0000-00-00 00:00:00',	0),
(102,	1,	352,	0,	0,	0,	'アイスランド',	'Iceland',	99999999,	'0000-00-00 00:00:00',	'0000-00-00 00:00:00',	0),
(103,	1,	356,	0,	0,	0,	'インド',	'India',	99999999,	'0000-00-00 00:00:00',	'0000-00-00 00:00:00',	0),
(104,	1,	360,	0,	0,	0,	'インドネシア',	'Indonesia',	99999999,	'0000-00-00 00:00:00',	'0000-00-00 00:00:00',	0),
(105,	1,	364,	0,	0,	0,	'イラン・イスラム共和国',	'Iran,_Islamic_Republic_of',	99999999,	'0000-00-00 00:00:00',	'0000-00-00 00:00:00',	0),
(106,	1,	368,	0,	0,	0,	'イラク',	'Iraq',	99999999,	'0000-00-00 00:00:00',	'0000-00-00 00:00:00',	0),
(107,	1,	372,	0,	0,	0,	'アイルランド',	'Ireland',	99999999,	'0000-00-00 00:00:00',	'0000-00-00 00:00:00',	0),
(108,	1,	376,	0,	0,	0,	'イスラエル',	'Israel',	99999999,	'0000-00-00 00:00:00',	'0000-00-00 00:00:00',	0),
(109,	1,	380,	0,	0,	0,	'イタリア',	'Italy',	99999999,	'0000-00-00 00:00:00',	'0000-00-00 00:00:00',	0),
(110,	1,	384,	0,	0,	0,	'コートジボワール',	'Cote_d\'Ivoire',	99999999,	'0000-00-00 00:00:00',	'0000-00-00 00:00:00',	0),
(111,	1,	388,	0,	0,	0,	'ジャマイカ',	'Jamaica',	99999999,	'0000-00-00 00:00:00',	'0000-00-00 00:00:00',	0),
(112,	1,	392,	0,	0,	0,	'日本',	'Japan',	99999999,	'0000-00-00 00:00:00',	'0000-00-00 00:00:00',	0),
(113,	1,	398,	0,	0,	0,	'カザフスタン',	'Kazakhstan',	99999999,	'0000-00-00 00:00:00',	'0000-00-00 00:00:00',	0),
(114,	1,	400,	0,	0,	0,	'ヨルダン',	'Jordan',	99999999,	'0000-00-00 00:00:00',	'0000-00-00 00:00:00',	0),
(115,	1,	404,	0,	0,	0,	'ケニア',	'Kenya',	99999999,	'0000-00-00 00:00:00',	'0000-00-00 00:00:00',	0),
(116,	1,	408,	0,	0,	0,	'朝鮮民主主義人民共和国',	'Korea,_Democratic_People\'s_Republic_of',	99999999,	'0000-00-00 00:00:00',	'0000-00-00 00:00:00',	0),
(117,	1,	410,	0,	0,	0,	'大韓民国',	'Korea,_Republic_of',	99999999,	'0000-00-00 00:00:00',	'0000-00-00 00:00:00',	0),
(118,	1,	414,	0,	0,	0,	'クウェート',	'Kuwait',	99999999,	'0000-00-00 00:00:00',	'0000-00-00 00:00:00',	0),
(119,	1,	417,	0,	0,	0,	'キルギス',	'Kyrgyzstan',	99999999,	'0000-00-00 00:00:00',	'0000-00-00 00:00:00',	0),
(120,	1,	418,	0,	0,	0,	'ラオス人民民主共和国',	'Lao_People\'s_Democratic_Republic',	99999999,	'0000-00-00 00:00:00',	'0000-00-00 00:00:00',	0),
(121,	1,	422,	0,	0,	0,	'レバノン',	'Lebanon',	99999999,	'0000-00-00 00:00:00',	'0000-00-00 00:00:00',	0),
(122,	1,	426,	0,	0,	0,	'レソト',	'Lesotho',	99999999,	'0000-00-00 00:00:00',	'0000-00-00 00:00:00',	0),
(123,	1,	428,	0,	0,	0,	'ラトビア',	'Latvia',	99999999,	'0000-00-00 00:00:00',	'0000-00-00 00:00:00',	0),
(124,	1,	430,	0,	0,	0,	'リベリア',	'Liberia',	99999999,	'0000-00-00 00:00:00',	'0000-00-00 00:00:00',	0),
(125,	1,	434,	0,	0,	0,	'リビア',	'Libya',	99999999,	'0000-00-00 00:00:00',	'0000-00-00 00:00:00',	0),
(126,	1,	438,	0,	0,	0,	'リヒテンシュタイン',	'Liechtenstein',	99999999,	'0000-00-00 00:00:00',	'0000-00-00 00:00:00',	0),
(127,	1,	440,	0,	0,	0,	'リトアニア',	'Lithuania',	99999999,	'0000-00-00 00:00:00',	'0000-00-00 00:00:00',	0),
(128,	1,	442,	0,	0,	0,	'ルクセンブルク',	'Luxembourg',	99999999,	'0000-00-00 00:00:00',	'0000-00-00 00:00:00',	0),
(129,	1,	446,	0,	0,	0,	'マカオ',	'Macau',	99999999,	'0000-00-00 00:00:00',	'0000-00-00 00:00:00',	0),
(130,	1,	450,	0,	0,	0,	'マダガスカル',	'Madagascar',	99999999,	'0000-00-00 00:00:00',	'0000-00-00 00:00:00',	0),
(131,	1,	454,	0,	0,	0,	'マラウイ',	'Malawi',	99999999,	'0000-00-00 00:00:00',	'0000-00-00 00:00:00',	0),
(132,	1,	458,	0,	0,	0,	'マレーシア',	'Malaysia',	99999999,	'0000-00-00 00:00:00',	'0000-00-00 00:00:00',	0),
(133,	1,	462,	0,	0,	0,	'モルディブ',	'Maldives',	99999999,	'0000-00-00 00:00:00',	'0000-00-00 00:00:00',	0),
(134,	1,	466,	0,	0,	0,	'マリ',	'Mali',	99999999,	'0000-00-00 00:00:00',	'0000-00-00 00:00:00',	0),
(135,	1,	470,	0,	0,	0,	'マルタ',	'Malta',	99999999,	'0000-00-00 00:00:00',	'0000-00-00 00:00:00',	0),
(136,	1,	474,	0,	0,	0,	'マルティニーク',	'Martinique',	99999999,	'0000-00-00 00:00:00',	'0000-00-00 00:00:00',	0),
(137,	1,	478,	0,	0,	0,	'モーリタニア',	'Mauritania',	99999999,	'0000-00-00 00:00:00',	'0000-00-00 00:00:00',	0),
(138,	1,	480,	0,	0,	0,	'モーリシャス',	'Mauritius',	99999999,	'0000-00-00 00:00:00',	'0000-00-00 00:00:00',	0),
(139,	1,	484,	0,	0,	0,	'メキシコ',	'Mexico',	99999999,	'0000-00-00 00:00:00',	'0000-00-00 00:00:00',	0),
(140,	1,	492,	0,	0,	0,	'モナコ',	'Monaco',	99999999,	'0000-00-00 00:00:00',	'0000-00-00 00:00:00',	0),
(141,	1,	496,	0,	0,	0,	'モンゴル',	'Mongolia',	99999999,	'0000-00-00 00:00:00',	'0000-00-00 00:00:00',	0),
(142,	1,	498,	0,	0,	0,	'モルドバ共和国',	'Moldova,_Republic_of',	99999999,	'0000-00-00 00:00:00',	'0000-00-00 00:00:00',	0),
(143,	1,	499,	0,	0,	0,	'モンテネグロ',	'Montenegro',	99999999,	'0000-00-00 00:00:00',	'0000-00-00 00:00:00',	0),
(144,	1,	500,	0,	0,	0,	'モントセラト',	'Montserrat',	99999999,	'0000-00-00 00:00:00',	'0000-00-00 00:00:00',	0),
(145,	1,	504,	0,	0,	0,	'モロッコ',	'Morocco',	99999999,	'0000-00-00 00:00:00',	'0000-00-00 00:00:00',	0),
(146,	1,	508,	0,	0,	0,	'モザンビーク',	'Mozambique',	99999999,	'0000-00-00 00:00:00',	'0000-00-00 00:00:00',	0),
(147,	1,	512,	0,	0,	0,	'オマーン',	'Oman',	99999999,	'0000-00-00 00:00:00',	'0000-00-00 00:00:00',	0),
(148,	1,	516,	0,	0,	0,	'ナミビア',	'Namibia',	99999999,	'0000-00-00 00:00:00',	'0000-00-00 00:00:00',	0),
(149,	1,	520,	0,	0,	0,	'ナウル',	'Nauru',	99999999,	'0000-00-00 00:00:00',	'0000-00-00 00:00:00',	0),
(150,	1,	524,	0,	0,	0,	'ネパール',	'Nepal',	99999999,	'0000-00-00 00:00:00',	'0000-00-00 00:00:00',	0),
(151,	1,	528,	0,	0,	0,	'オランダ',	'Netherlands',	99999999,	'0000-00-00 00:00:00',	'0000-00-00 00:00:00',	0),
(152,	1,	531,	0,	0,	0,	'キュラソー',	'Curacao',	99999999,	'0000-00-00 00:00:00',	'0000-00-00 00:00:00',	0),
(153,	1,	533,	0,	0,	0,	'アルバ',	'Aruba',	99999999,	'0000-00-00 00:00:00',	'0000-00-00 00:00:00',	0),
(154,	1,	534,	0,	0,	0,	'シント・マールテン（オランダ領）',	'Sint_Maarten_(Dutch_part)',	99999999,	'0000-00-00 00:00:00',	'0000-00-00 00:00:00',	0),
(155,	1,	535,	0,	0,	0,	'ボネール、シント・ユースタティウスおよびサバ',	'Bonaire,_Saint_Eustatius_and_Saba',	99999999,	'0000-00-00 00:00:00',	'0000-00-00 00:00:00',	0),
(156,	1,	540,	0,	0,	0,	'ニューカレドニア',	'New_Caledonia',	99999999,	'0000-00-00 00:00:00',	'0000-00-00 00:00:00',	0),
(157,	1,	548,	0,	0,	0,	'バヌアツ',	'Vanuatu',	99999999,	'0000-00-00 00:00:00',	'0000-00-00 00:00:00',	0),
(158,	1,	554,	0,	0,	0,	'ニュージーランド',	'New_Zealand',	99999999,	'0000-00-00 00:00:00',	'0000-00-00 00:00:00',	0),
(159,	1,	558,	0,	0,	0,	'ニカラグア',	'Nicaragua',	99999999,	'0000-00-00 00:00:00',	'0000-00-00 00:00:00',	0),
(160,	1,	562,	0,	0,	0,	'ニジェール',	'Niger',	99999999,	'0000-00-00 00:00:00',	'0000-00-00 00:00:00',	0),
(161,	1,	566,	0,	0,	0,	'ナイジェリア',	'Nigeria',	99999999,	'0000-00-00 00:00:00',	'0000-00-00 00:00:00',	0),
(162,	1,	570,	0,	0,	0,	'ニウエ',	'Niue',	99999999,	'0000-00-00 00:00:00',	'0000-00-00 00:00:00',	0),
(163,	1,	574,	0,	0,	0,	'ノーフォーク島',	'Norfolk_Island',	99999999,	'0000-00-00 00:00:00',	'0000-00-00 00:00:00',	0),
(164,	1,	578,	0,	0,	0,	'ノルウェー',	'Norway',	99999999,	'0000-00-00 00:00:00',	'0000-00-00 00:00:00',	0),
(165,	1,	580,	0,	0,	0,	'北マリアナ諸島',	'Northern_Mariana_Islands',	99999999,	'0000-00-00 00:00:00',	'0000-00-00 00:00:00',	0),
(166,	1,	581,	0,	0,	0,	'合衆国領有小離島',	'United_States_Minor_Outlying_Islands',	99999999,	'0000-00-00 00:00:00',	'0000-00-00 00:00:00',	0),
(167,	1,	583,	0,	0,	0,	'ミクロネシア連邦',	'Micronesia,_Federated_States_of',	99999999,	'0000-00-00 00:00:00',	'0000-00-00 00:00:00',	0),
(168,	1,	584,	0,	0,	0,	'マーシャル諸島',	'Marshall_Islands',	99999999,	'0000-00-00 00:00:00',	'0000-00-00 00:00:00',	0),
(169,	1,	585,	0,	0,	0,	'パラオ',	'Palau',	99999999,	'0000-00-00 00:00:00',	'0000-00-00 00:00:00',	0),
(170,	1,	586,	0,	0,	0,	'パキスタン',	'Pakistan',	99999999,	'0000-00-00 00:00:00',	'0000-00-00 00:00:00',	0),
(171,	1,	591,	0,	0,	0,	'パナマ',	'Panama',	99999999,	'0000-00-00 00:00:00',	'0000-00-00 00:00:00',	0),
(172,	1,	598,	0,	0,	0,	'パプアニューギニア',	'Papua_New_Guinea',	99999999,	'0000-00-00 00:00:00',	'0000-00-00 00:00:00',	0),
(173,	1,	600,	0,	0,	0,	'パラグアイ',	'Paraguay',	99999999,	'0000-00-00 00:00:00',	'0000-00-00 00:00:00',	0),
(174,	1,	604,	0,	0,	0,	'ペルー',	'Peru',	99999999,	'0000-00-00 00:00:00',	'0000-00-00 00:00:00',	0),
(175,	1,	608,	0,	0,	0,	'フィリピン',	'Philippines',	99999999,	'0000-00-00 00:00:00',	'0000-00-00 00:00:00',	0),
(176,	1,	612,	0,	0,	0,	'ピトケアン',	'Pitcairn',	99999999,	'0000-00-00 00:00:00',	'0000-00-00 00:00:00',	0),
(177,	1,	616,	0,	0,	0,	'ポーランド',	'Poland',	99999999,	'0000-00-00 00:00:00',	'0000-00-00 00:00:00',	0),
(178,	1,	620,	0,	0,	0,	'ポルトガル',	'Portugal',	99999999,	'0000-00-00 00:00:00',	'0000-00-00 00:00:00',	0),
(179,	1,	624,	0,	0,	0,	'ギニアビサウ',	'Guinea-Bissau',	99999999,	'0000-00-00 00:00:00',	'0000-00-00 00:00:00',	0),
(180,	1,	626,	0,	0,	0,	'東ティモール',	'Timor-Leste',	99999999,	'0000-00-00 00:00:00',	'0000-00-00 00:00:00',	0),
(181,	1,	630,	0,	0,	0,	'プエルトリコ',	'Puerto_Rico',	99999999,	'0000-00-00 00:00:00',	'0000-00-00 00:00:00',	0),
(182,	1,	634,	0,	0,	0,	'カタール',	'Qatar',	99999999,	'0000-00-00 00:00:00',	'0000-00-00 00:00:00',	0),
(183,	1,	642,	0,	0,	0,	'ルーマニア',	'Romania',	99999999,	'0000-00-00 00:00:00',	'0000-00-00 00:00:00',	0),
(184,	1,	646,	0,	0,	0,	'ルワンダ',	'Rwanda',	99999999,	'0000-00-00 00:00:00',	'0000-00-00 00:00:00',	0),
(185,	1,	652,	0,	0,	0,	'サン・バルテルミー',	'Saint_Barthelemy',	99999999,	'0000-00-00 00:00:00',	'0000-00-00 00:00:00',	0),
(186,	1,	654,	0,	0,	0,	'セントヘレナ・アセンションおよびトリスタンダクーニャ',	'Saint_Helena,_Ascension_and_Tristan_da_Cunha',	99999999,	'0000-00-00 00:00:00',	'0000-00-00 00:00:00',	0),
(187,	1,	659,	0,	0,	0,	'セントクリストファー・ネイビス',	'Saint_Kitts_and_Nevis',	99999999,	'0000-00-00 00:00:00',	'0000-00-00 00:00:00',	0),
(188,	1,	660,	0,	0,	0,	'アンギラ',	'Anguilla',	99999999,	'0000-00-00 00:00:00',	'0000-00-00 00:00:00',	0),
(189,	1,	662,	0,	0,	0,	'セントルシア',	'Saint_Lucia',	99999999,	'0000-00-00 00:00:00',	'0000-00-00 00:00:00',	0),
(190,	1,	663,	0,	0,	0,	'サン・マルタン（フランス領）',	'Saint_Martin_(French_part)',	99999999,	'0000-00-00 00:00:00',	'0000-00-00 00:00:00',	0),
(191,	1,	666,	0,	0,	0,	'サンピエール島・ミクロン島',	'Saint_Pierre_and_Miquelon',	99999999,	'0000-00-00 00:00:00',	'0000-00-00 00:00:00',	0),
(192,	1,	670,	0,	0,	0,	'セントビンセントおよびグレナディーン諸島',	'Saint_Vincent_and_the_Grenadines',	99999999,	'0000-00-00 00:00:00',	'0000-00-00 00:00:00',	0),
(193,	1,	674,	0,	0,	0,	'サンマリノ',	'San_Marino',	99999999,	'0000-00-00 00:00:00',	'0000-00-00 00:00:00',	0),
(194,	1,	678,	0,	0,	0,	'サントメ・プリンシペ',	'Sao_Tome_and_Principe',	99999999,	'0000-00-00 00:00:00',	'0000-00-00 00:00:00',	0),
(195,	1,	682,	0,	0,	0,	'サウジアラビア',	'Saudi_Arabia',	99999999,	'0000-00-00 00:00:00',	'0000-00-00 00:00:00',	0),
(196,	1,	686,	0,	0,	0,	'セネガル',	'Senegal',	99999999,	'0000-00-00 00:00:00',	'0000-00-00 00:00:00',	0),
(197,	1,	688,	0,	0,	0,	'セルビア',	'Serbia',	99999999,	'0000-00-00 00:00:00',	'0000-00-00 00:00:00',	0),
(198,	1,	690,	0,	0,	0,	'セーシェル',	'Seychelles',	99999999,	'0000-00-00 00:00:00',	'0000-00-00 00:00:00',	0),
(199,	1,	694,	0,	0,	0,	'シエラレオネ',	'Sierra_Leone',	99999999,	'0000-00-00 00:00:00',	'0000-00-00 00:00:00',	0),
(200,	1,	702,	0,	0,	0,	'シンガポール',	'Singapore',	99999999,	'0000-00-00 00:00:00',	'0000-00-00 00:00:00',	0),
(201,	1,	703,	0,	0,	0,	'スロバキア',	'Slovakia',	99999999,	'0000-00-00 00:00:00',	'0000-00-00 00:00:00',	0),
(202,	1,	704,	0,	0,	0,	'ベトナム',	'Viet_Nam',	99999999,	'0000-00-00 00:00:00',	'0000-00-00 00:00:00',	0),
(203,	1,	705,	0,	0,	0,	'スロベニア',	'Slovenia',	99999999,	'0000-00-00 00:00:00',	'0000-00-00 00:00:00',	0),
(204,	1,	706,	0,	0,	0,	'ソマリア',	'Somalia',	99999999,	'0000-00-00 00:00:00',	'0000-00-00 00:00:00',	0),
(205,	1,	710,	0,	0,	0,	'南アフリカ',	'South_Africa',	99999999,	'0000-00-00 00:00:00',	'0000-00-00 00:00:00',	0),
(206,	1,	716,	0,	0,	0,	'ジンバブエ',	'Zimbabwe',	99999999,	'0000-00-00 00:00:00',	'0000-00-00 00:00:00',	0),
(207,	1,	724,	0,	0,	0,	'スペイン',	'Spain',	99999999,	'0000-00-00 00:00:00',	'0000-00-00 00:00:00',	0),
(208,	1,	728,	0,	0,	0,	'南スーダン',	'South_Sudan',	99999999,	'0000-00-00 00:00:00',	'0000-00-00 00:00:00',	0),
(209,	1,	729,	0,	0,	0,	'スーダン',	'Sudan',	99999999,	'0000-00-00 00:00:00',	'0000-00-00 00:00:00',	0),
(210,	1,	732,	0,	0,	0,	'西サハラ',	'Western_Sahara',	99999999,	'0000-00-00 00:00:00',	'0000-00-00 00:00:00',	0),
(211,	1,	740,	0,	0,	0,	'スリナム',	'Suriname',	99999999,	'0000-00-00 00:00:00',	'0000-00-00 00:00:00',	0),
(212,	1,	744,	0,	0,	0,	'スヴァールバル諸島およびヤンマイエン島',	'Svalbard_and_Jan_Mayen',	99999999,	'0000-00-00 00:00:00',	'0000-00-00 00:00:00',	0),
(213,	1,	748,	0,	0,	0,	'スワジランド',	'Swaziland',	99999999,	'0000-00-00 00:00:00',	'0000-00-00 00:00:00',	0),
(214,	1,	752,	0,	0,	0,	'スウェーデン',	'Sweden',	99999999,	'0000-00-00 00:00:00',	'0000-00-00 00:00:00',	0),
(215,	1,	756,	0,	0,	0,	'スイス',	'Switzerland',	99999999,	'0000-00-00 00:00:00',	'0000-00-00 00:00:00',	0),
(216,	1,	760,	0,	0,	0,	'シリア・アラブ共和国',	'Syrian_Arab_Republic',	99999999,	'0000-00-00 00:00:00',	'0000-00-00 00:00:00',	0),
(217,	1,	762,	0,	0,	0,	'タジキスタン',	'Tajikistan',	99999999,	'0000-00-00 00:00:00',	'0000-00-00 00:00:00',	0),
(218,	1,	764,	0,	0,	0,	'タイ',	'Thailand',	99999999,	'0000-00-00 00:00:00',	'0000-00-00 00:00:00',	0),
(219,	1,	768,	0,	0,	0,	'トーゴ',	'Togo',	99999999,	'0000-00-00 00:00:00',	'0000-00-00 00:00:00',	0),
(220,	1,	772,	0,	0,	0,	'トケラウ',	'Tokelau',	99999999,	'0000-00-00 00:00:00',	'0000-00-00 00:00:00',	0),
(221,	1,	776,	0,	0,	0,	'トンガ',	'Tonga',	99999999,	'0000-00-00 00:00:00',	'0000-00-00 00:00:00',	0),
(222,	1,	780,	0,	0,	0,	'トリニダード・トバゴ',	'Trinidad_and_Tobago',	99999999,	'0000-00-00 00:00:00',	'0000-00-00 00:00:00',	0),
(223,	1,	784,	0,	0,	0,	'アラブ首長国連邦',	'United_Arab_Emirates',	99999999,	'0000-00-00 00:00:00',	'0000-00-00 00:00:00',	0),
(224,	1,	788,	0,	0,	0,	'チュニジア',	'Tunisia',	99999999,	'0000-00-00 00:00:00',	'0000-00-00 00:00:00',	0),
(225,	1,	792,	0,	0,	0,	'トルコ',	'Turkey',	99999999,	'0000-00-00 00:00:00',	'0000-00-00 00:00:00',	0),
(226,	1,	795,	0,	0,	0,	'トルクメニスタン',	'Turkmenistan',	99999999,	'0000-00-00 00:00:00',	'0000-00-00 00:00:00',	0),
(227,	1,	796,	0,	0,	0,	'タークス・カイコス諸島',	'Turks_and_Caicos_Islands',	99999999,	'0000-00-00 00:00:00',	'0000-00-00 00:00:00',	0),
(228,	1,	798,	0,	0,	0,	'ツバル',	'Tuvalu',	99999999,	'0000-00-00 00:00:00',	'0000-00-00 00:00:00',	0),
(229,	1,	800,	0,	0,	0,	'ウガンダ',	'Uganda',	99999999,	'0000-00-00 00:00:00',	'0000-00-00 00:00:00',	0),
(230,	1,	804,	0,	0,	0,	'ウクライナ',	'Ukraine',	99999999,	'0000-00-00 00:00:00',	'0000-00-00 00:00:00',	0),
(231,	1,	807,	0,	0,	0,	'マケドニア旧ユーゴスラビア共和国',	'Macedonia,_the_former_Yugoslav_Republic_of',	99999999,	'0000-00-00 00:00:00',	'0000-00-00 00:00:00',	0),
(232,	1,	818,	0,	0,	0,	'エジプト',	'Egypt',	99999999,	'0000-00-00 00:00:00',	'0000-00-00 00:00:00',	0),
(233,	1,	826,	0,	0,	0,	'イギリス',	'United_Kingdom',	99999999,	'0000-00-00 00:00:00',	'0000-00-00 00:00:00',	0),
(234,	1,	831,	0,	0,	0,	'ガーンジー',	'Guernsey',	99999999,	'0000-00-00 00:00:00',	'0000-00-00 00:00:00',	0),
(235,	1,	832,	0,	0,	0,	'ジャージー',	'Jersey',	99999999,	'0000-00-00 00:00:00',	'0000-00-00 00:00:00',	0),
(236,	1,	833,	0,	0,	0,	'マン島',	'Isle_of_Man',	99999999,	'0000-00-00 00:00:00',	'0000-00-00 00:00:00',	0),
(237,	1,	834,	0,	0,	0,	'タンザニア',	'Tanzania,_United_Republic_of',	99999999,	'0000-00-00 00:00:00',	'0000-00-00 00:00:00',	0),
(238,	1,	840,	0,	0,	0,	'アメリカ合衆国',	'United_States',	99999999,	'0000-00-00 00:00:00',	'0000-00-00 00:00:00',	0),
(239,	1,	850,	0,	0,	0,	'アメリカ領ヴァージン諸島',	'Virgin_Islands,_U.S.',	99999999,	'0000-00-00 00:00:00',	'0000-00-00 00:00:00',	0),
(240,	1,	854,	0,	0,	0,	'ブルキナファソ',	'Burkina_Faso',	99999999,	'0000-00-00 00:00:00',	'0000-00-00 00:00:00',	0),
(241,	1,	858,	0,	0,	0,	'ウルグアイ',	'Uruguay',	99999999,	'0000-00-00 00:00:00',	'0000-00-00 00:00:00',	0),
(242,	1,	860,	0,	0,	0,	'ウズベキスタン',	'Uzbekistan',	99999999,	'0000-00-00 00:00:00',	'0000-00-00 00:00:00',	0),
(243,	1,	862,	0,	0,	0,	'ベネズエラ・ボリバル共和国',	'Venezuela,_Bolivarian_Republic_of',	99999999,	'0000-00-00 00:00:00',	'0000-00-00 00:00:00',	0),
(244,	1,	876,	0,	0,	0,	'ウォリス・フツナ',	'Wallis_and_Futuna',	99999999,	'0000-00-00 00:00:00',	'0000-00-00 00:00:00',	0),
(245,	1,	882,	0,	0,	0,	'サモア',	'Samoa',	99999999,	'0000-00-00 00:00:00',	'0000-00-00 00:00:00',	0),
(246,	1,	887,	0,	0,	0,	'イエメン',	'Yemen',	99999999,	'0000-00-00 00:00:00',	'0000-00-00 00:00:00',	0),
(247,	1,	894,	0,	0,	0,	'ザンビア',	'Zambia',	99999999,	'0000-00-00 00:00:00',	'0000-00-00 00:00:00',	0),
(248,	2,	1,	0,	0,	0,	'予備入学',	'preliminary_admission',	99999999,	'0000-00-00 00:00:00',	'0000-00-00 00:00:00',	0),
(249,	2,	2,	0,	0,	0,	'入学辞退',	'declining',	99999999,	'0000-00-00 00:00:00',	'0000-00-00 00:00:00',	0),
(250,	2,	3,	0,	0,	0,	'不合格',	'failure',	99999999,	'0000-00-00 00:00:00',	'0000-00-00 00:00:00',	0),
(251,	2,	4,	0,	0,	0,	'在籍',	'enrollment',	99999999,	'0000-00-00 00:00:00',	'0000-00-00 00:00:00',	0),
(252,	2,	5,	0,	0,	0,	'卒業',	'graduate',	99999999,	'0000-00-00 00:00:00',	'0000-00-00 00:00:00',	0),
(253,	2,	6,	0,	0,	0,	'修了',	'completion',	99999999,	'0000-00-00 00:00:00',	'0000-00-00 00:00:00',	0),
(254,	2,	7,	0,	0,	0,	'退学',	'withdrawal',	99999999,	'0000-00-00 00:00:00',	'0000-00-00 00:00:00',	0),
(255,	2,	8,	0,	0,	0,	'除籍',	'expulsion',	99999999,	'0000-00-00 00:00:00',	'0000-00-00 00:00:00',	0),
(256,	3,	1,	0,	0,	0,	'外交',	'diplomacy',	99999999,	'0000-00-00 00:00:00',	'0000-00-00 00:00:00',	0),
(257,	3,	2,	0,	0,	0,	'公用',	'public_business',	99999999,	'0000-00-00 00:00:00',	'0000-00-00 00:00:00',	0),
(258,	3,	3,	0,	0,	0,	'教授',	'professor',	99999999,	'0000-00-00 00:00:00',	'0000-00-00 00:00:00',	0),
(259,	3,	4,	0,	0,	0,	'芸術',	'artistic_creation',	99999999,	'0000-00-00 00:00:00',	'0000-00-00 00:00:00',	0),
(260,	3,	5,	0,	0,	0,	'宗教',	'propagation',	99999999,	'0000-00-00 00:00:00',	'0000-00-00 00:00:00',	0),
(261,	3,	6,	0,	0,	0,	'報道',	'news',	99999999,	'0000-00-00 00:00:00',	'0000-00-00 00:00:00',	0),
(262,	3,	7,	0,	0,	0,	'高度専門職',	'highly_professional',	99999999,	'0000-00-00 00:00:00',	'0000-00-00 00:00:00',	0),
(263,	3,	8,	0,	0,	0,	'経営・管理',	'administration',	99999999,	'0000-00-00 00:00:00',	'0000-00-00 00:00:00',	0),
(264,	3,	9,	0,	0,	0,	'法律・会計業務',	'statute_accounting',	99999999,	'0000-00-00 00:00:00',	'0000-00-00 00:00:00',	0),
(265,	3,	10,	0,	0,	0,	'医療',	'medical',	99999999,	'0000-00-00 00:00:00',	'0000-00-00 00:00:00',	0),
(266,	3,	11,	0,	0,	0,	'研究',	'research',	99999999,	'0000-00-00 00:00:00',	'0000-00-00 00:00:00',	0),
(267,	3,	12,	0,	0,	0,	'教育',	'education',	99999999,	'0000-00-00 00:00:00',	'0000-00-00 00:00:00',	0),
(268,	3,	13,	0,	0,	0,	'技術・人文・知識・国際業務',	'technology_humanity_intellectual_international',	99999999,	'0000-00-00 00:00:00',	'0000-00-00 00:00:00',	0),
(269,	3,	14,	0,	0,	0,	'企業内転勤',	'company-internal_transference',	99999999,	'0000-00-00 00:00:00',	'0000-00-00 00:00:00',	0),
(270,	3,	15,	0,	0,	0,	'興行',	'performance',	99999999,	'0000-00-00 00:00:00',	'0000-00-00 00:00:00',	0),
(271,	3,	16,	0,	0,	0,	'技能',	'skill',	99999999,	'0000-00-00 00:00:00',	'0000-00-00 00:00:00',	0),
(272,	3,	17,	0,	0,	0,	'技能実習',	'skill_workshop',	99999999,	'0000-00-00 00:00:00',	'0000-00-00 00:00:00',	0),
(273,	3,	18,	0,	0,	0,	'文化活動',	'cultural_activity',	99999999,	'0000-00-00 00:00:00',	'0000-00-00 00:00:00',	0),
(274,	3,	19,	0,	0,	0,	'短期滞在',	'stopover',	99999999,	'0000-00-00 00:00:00',	'0000-00-00 00:00:00',	0),
(275,	3,	20,	0,	0,	0,	'留学',	'studying_abroad\n',	99999999,	'0000-00-00 00:00:00',	'0000-00-00 00:00:00',	0),
(276,	3,	21,	0,	0,	0,	'研修',	'training',	99999999,	'0000-00-00 00:00:00',	'0000-00-00 00:00:00',	0),
(277,	3,	22,	0,	0,	0,	'家族滞在',	'training',	99999999,	'0000-00-00 00:00:00',	'0000-00-00 00:00:00',	0),
(278,	3,	23,	0,	0,	0,	'特定活動',	'specified_activities',	99999999,	'0000-00-00 00:00:00',	'0000-00-00 00:00:00',	0),
(279,	4,	1,	0,	0,	0,	'男性',	'male',	99999999,	'0000-00-00 00:00:00',	'0000-00-00 00:00:00',	0),
(280,	4,	2,	0,	0,	0,	'女性',	'female',	99999999,	'0000-00-00 00:00:00',	'0000-00-00 00:00:00',	0),
(281,	5,	0,	0,	0,	0,	'不明',	'unknown',	99999999,	'0000-00-00 00:00:00',	'0000-00-00 00:00:00',	0),
(282,	5,	1,	0,	0,	0,	'未婚',	'unmarried',	99999999,	'0000-00-00 00:00:00',	'0000-00-00 00:00:00',	0),
(283,	6,	1,	0,	0,	0,	'公欠願',	'absence_permission_slip',	99999999,	'0000-00-00 00:00:00',	'0000-00-00 00:00:00',	0),
(284,	6,	2,	0,	0,	0,	'一時帰国届',	'temporary_visit',	99999999,	'0000-00-00 00:00:00',	'0000-00-00 00:00:00',	0),
(285,	6,	3,	0,	0,	0,	'個人情報変更届',	'personal_information_alteration',	99999999,	'0000-00-00 00:00:00',	'0000-00-00 00:00:00',	0),
(286,	6,	4,	0,	0,	0,	'クラス変更申請書',	'change_class',	99999999,	'0000-00-00 00:00:00',	'0000-00-00 00:00:00',	0),
(287,	6,	5,	0,	0,	0,	'証明書発行願',	'issuing_certificate',	99999999,	'0000-00-00 00:00:00',	'0000-00-00 00:00:00',	0),
(288,	6,	6,	0,	0,	0,	'退学届',	'withdrawal_notification',	99999999,	'0000-00-00 00:00:00',	'0000-00-00 00:00:00',	0),
(289,	7,	0,	0,	0,	0,	'承認待ち',	'in_processing',	99999999,	'0000-00-00 00:00:00',	'0000-00-00 00:00:00',	0),
(290,	7,	1,	0,	0,	0,	'承認',	'approval',	99999999,	'0000-00-00 00:00:00',	'0000-00-00 00:00:00',	0),
(291,	7,	2,	0,	0,	0,	'非承認',	'non-approval',	99999999,	'0000-00-00 00:00:00',	'0000-00-00 00:00:00',	0),
(292,	8,	1,	0,	0,	0,	'北海道',	'hokkaido',	99999999,	'0000-00-00 00:00:00',	'0000-00-00 00:00:00',	0),
(293,	8,	2,	0,	0,	0,	'青森県',	'aomori',	99999999,	'0000-00-00 00:00:00',	'0000-00-00 00:00:00',	0),
(294,	8,	3,	0,	0,	0,	'岩手県',	'iwate',	99999999,	'0000-00-00 00:00:00',	'0000-00-00 00:00:00',	0),
(295,	8,	4,	0,	0,	0,	'宮城県',	'miyagi',	99999999,	'0000-00-00 00:00:00',	'0000-00-00 00:00:00',	0),
(296,	8,	5,	0,	0,	0,	'秋田県',	'akita',	99999999,	'0000-00-00 00:00:00',	'0000-00-00 00:00:00',	0),
(297,	8,	6,	0,	0,	0,	'山形県',	'yamagata',	99999999,	'0000-00-00 00:00:00',	'0000-00-00 00:00:00',	0),
(298,	8,	7,	0,	0,	0,	'福島県',	'fukushima',	99999999,	'0000-00-00 00:00:00',	'0000-00-00 00:00:00',	0),
(299,	8,	8,	0,	0,	0,	'茨城県',	'ibaraki',	99999999,	'0000-00-00 00:00:00',	'0000-00-00 00:00:00',	0),
(300,	8,	9,	0,	0,	0,	'栃木県',	'tochigi',	99999999,	'0000-00-00 00:00:00',	'0000-00-00 00:00:00',	0),
(301,	8,	10,	0,	0,	0,	'群馬県',	'gumma',	99999999,	'0000-00-00 00:00:00',	'0000-00-00 00:00:00',	0),
(302,	8,	11,	0,	0,	0,	'埼玉県',	'saitama',	99999999,	'0000-00-00 00:00:00',	'0000-00-00 00:00:00',	0),
(303,	8,	12,	0,	0,	0,	'千葉県',	'chiba',	99999999,	'0000-00-00 00:00:00',	'0000-00-00 00:00:00',	0),
(304,	8,	13,	0,	0,	0,	'東京都',	'tokyo',	99999999,	'0000-00-00 00:00:00',	'0000-00-00 00:00:00',	0),
(305,	8,	14,	0,	0,	0,	'神奈川県',	'kanagawa',	99999999,	'0000-00-00 00:00:00',	'0000-00-00 00:00:00',	0),
(306,	8,	15,	0,	0,	0,	'新潟県',	'niigata',	99999999,	'0000-00-00 00:00:00',	'0000-00-00 00:00:00',	0),
(307,	8,	16,	0,	0,	0,	'富山県',	'toyama',	99999999,	'0000-00-00 00:00:00',	'0000-00-00 00:00:00',	0),
(308,	8,	17,	0,	0,	0,	'石川県',	'ishikawa',	99999999,	'0000-00-00 00:00:00',	'0000-00-00 00:00:00',	0),
(309,	8,	18,	0,	0,	0,	'福井県',	'fukui',	99999999,	'0000-00-00 00:00:00',	'0000-00-00 00:00:00',	0),
(310,	8,	19,	0,	0,	0,	'山梨県',	'yamanashi',	99999999,	'0000-00-00 00:00:00',	'0000-00-00 00:00:00',	0),
(311,	8,	20,	0,	0,	0,	'長野県',	'nagano',	99999999,	'0000-00-00 00:00:00',	'0000-00-00 00:00:00',	0),
(312,	8,	21,	0,	0,	0,	'岐阜県',	'gifu',	99999999,	'0000-00-00 00:00:00',	'0000-00-00 00:00:00',	0),
(313,	8,	22,	0,	0,	0,	'静岡県',	'shizuoka',	99999999,	'0000-00-00 00:00:00',	'0000-00-00 00:00:00',	0),
(314,	8,	23,	0,	0,	0,	'愛知県',	'aichi',	99999999,	'0000-00-00 00:00:00',	'0000-00-00 00:00:00',	0),
(315,	8,	24,	0,	0,	0,	'三重県',	'mie',	99999999,	'0000-00-00 00:00:00',	'0000-00-00 00:00:00',	0),
(316,	8,	25,	0,	0,	0,	'滋賀県',	'shiga',	99999999,	'0000-00-00 00:00:00',	'0000-00-00 00:00:00',	0),
(317,	8,	26,	0,	0,	0,	'京都府',	'kyoto',	99999999,	'0000-00-00 00:00:00',	'0000-00-00 00:00:00',	0),
(318,	8,	27,	0,	0,	0,	'大阪府',	'osaka',	99999999,	'0000-00-00 00:00:00',	'0000-00-00 00:00:00',	0),
(319,	8,	28,	0,	0,	0,	'兵庫県',	'hyogo',	99999999,	'0000-00-00 00:00:00',	'0000-00-00 00:00:00',	0),
(320,	8,	29,	0,	0,	0,	'奈良県',	'nara',	99999999,	'0000-00-00 00:00:00',	'0000-00-00 00:00:00',	0),
(321,	8,	30,	0,	0,	0,	'和歌山県',	'wakayama',	99999999,	'0000-00-00 00:00:00',	'0000-00-00 00:00:00',	0),
(322,	8,	31,	0,	0,	0,	'鳥取県',	'tottori',	99999999,	'0000-00-00 00:00:00',	'0000-00-00 00:00:00',	0),
(323,	8,	32,	0,	0,	0,	'島根県',	'shimane',	99999999,	'0000-00-00 00:00:00',	'0000-00-00 00:00:00',	0),
(324,	8,	33,	0,	0,	0,	'岡山県',	'okayama',	99999999,	'0000-00-00 00:00:00',	'0000-00-00 00:00:00',	0),
(325,	8,	34,	0,	0,	0,	'広島県',	'hiroshima',	99999999,	'0000-00-00 00:00:00',	'0000-00-00 00:00:00',	0),
(326,	8,	35,	0,	0,	0,	'山口県',	'yamaguchi',	99999999,	'0000-00-00 00:00:00',	'0000-00-00 00:00:00',	0),
(327,	8,	36,	0,	0,	0,	'徳島県',	'tokushima',	99999999,	'0000-00-00 00:00:00',	'0000-00-00 00:00:00',	0),
(328,	8,	37,	0,	0,	0,	'香川県',	'kagawa',	99999999,	'0000-00-00 00:00:00',	'0000-00-00 00:00:00',	0),
(329,	8,	38,	0,	0,	0,	'愛媛県',	'ehime',	99999999,	'0000-00-00 00:00:00',	'0000-00-00 00:00:00',	0),
(330,	8,	39,	0,	0,	0,	'高知県',	'kochi',	99999999,	'0000-00-00 00:00:00',	'0000-00-00 00:00:00',	0),
(331,	8,	40,	0,	0,	0,	'福岡県',	'fukuoka',	99999999,	'0000-00-00 00:00:00',	'0000-00-00 00:00:00',	0),
(332,	8,	41,	0,	0,	0,	'佐賀県',	'saga',	99999999,	'0000-00-00 00:00:00',	'0000-00-00 00:00:00',	0),
(333,	8,	42,	0,	0,	0,	'長崎県',	'nagasaki',	99999999,	'0000-00-00 00:00:00',	'0000-00-00 00:00:00',	0),
(334,	8,	43,	0,	0,	0,	'熊本県',	'kumamoto',	99999999,	'0000-00-00 00:00:00',	'0000-00-00 00:00:00',	0),
(335,	8,	44,	0,	0,	0,	'大分県',	'oita',	99999999,	'0000-00-00 00:00:00',	'0000-00-00 00:00:00',	0),
(336,	8,	45,	0,	0,	0,	'宮崎県',	'miyazaki',	99999999,	'0000-00-00 00:00:00',	'0000-00-00 00:00:00',	0),
(337,	8,	46,	0,	0,	0,	'鹿児島県',	'kagoshima',	99999999,	'0000-00-00 00:00:00',	'0000-00-00 00:00:00',	0),
(338,	8,	47,	0,	0,	0,	'沖縄県',	'okinawa',	99999999,	'0000-00-00 00:00:00',	'0000-00-00 00:00:00',	0),
(339,	9,	0,	0,	0,	0,	'欠席',	'absent',	99999999,	'0000-00-00 00:00:00',	'0000-00-00 00:00:00',	0),
(340,	9,	1,	0,	0,	0,	'遅刻',	'Late',	99999999,	'0000-00-00 00:00:00',	'0000-00-00 00:00:00',	0),
(341,	9,	2,	0,	0,	0,	'早退',	'LeaveEarly_',	99999999,	'0000-00-00 00:00:00',	'0000-00-00 00:00:00',	0),
(342,	9,	3,	0,	0,	0,	'遅早',	'Late_/_LeaveEarly_',	99999999,	'0000-00-00 00:00:00',	'0000-00-00 00:00:00',	0),
(343,	9,	4,	0,	0,	0,	'出席',	'attend',	99999999,	'0000-00-00 00:00:00',	'0000-00-00 00:00:00',	0),
(344,	9,	5,	0,	0,	0,	'代講',	'quarterly',	99999999,	'0000-00-00 00:00:00',	'0000-00-00 00:00:00',	0),
(345,	10,	3,	0,	0,	0,	'月次',	'monthly',	99999999,	'0000-00-00 00:00:00',	'0000-00-00 00:00:00',	0),
(346,	10,	2,	0,	0,	0,	'学期',	'school_term',	99999999,	'0000-00-00 00:00:00',	'0000-00-00 00:00:00',	0),
(347,	10,	1,	0,	0,	0,	'入学時から集計時まで',	'current',	99999999,	'0000-00-00 00:00:00',	'0000-00-00 00:00:00',	0),
(348,	10,	4,	0,	0,	0,	'ビザ有効期間内',	'by_VISA_expired',	99999999,	'0000-00-00 00:00:00',	'0000-00-00 00:00:00',	0),
(349,	11,	1,	0,	0,	0,	'一般コース',	'General_Course',	2000,	'0000-00-00 00:00:00',	'2018-04-19 19:08:30',	1),
(350,	11,	2,	0,	0,	0,	'進学コース',	'Pre-College_Course',	2000,	'0000-00-00 00:00:00',	'2018-04-19 19:08:30',	1),
(351,	11,	3,	0,	0,	0,	'短期コース',	'Short_Course',	2000,	'0000-00-00 00:00:00',	'2018-04-19 19:08:30',	1),
(352,	11,	4,	0,	0,	0,	'日本語コース',	'Japanese_Course',	2000,	'0000-00-00 00:00:00',	'2018-04-19 19:08:30',	1),
(353,	12,	1,	0,	0,	1,	'2年',	'2years',	99999999,	'0000-00-00 00:00:00',	'0000-00-00 00:00:00',	0),
(354,	12,	2,	0,	0,	2,	'1年9ヶ月',	'1year9months',	99999999,	'0000-00-00 00:00:00',	'0000-00-00 00:00:00',	0),
(355,	12,	3,	0,	0,	3,	'1年6ヶ月',	'1year6months',	99999999,	'0000-00-00 00:00:00',	'0000-00-00 00:00:00',	0),
(356,	12,	4,	0,	0,	4,	'1年3ヶ月',	'1year3months',	99999999,	'0000-00-00 00:00:00',	'0000-00-00 00:00:00',	0),
(357,	12,	5,	0,	0,	5,	'1年',	'1year',	99999999,	'0000-00-00 00:00:00',	'0000-00-00 00:00:00',	0),
(358,	12,	6,	0,	0,	6,	'6ヶ月',	'6Months',	99999999,	'0000-00-00 00:00:00',	'0000-00-00 00:00:00',	0),
(359,	12,	7,	0,	0,	7,	'3ヶ月',	'3Months',	99999999,	'0000-00-00 00:00:00',	'0000-00-00 00:00:00',	0),
(360,	12,	8,	0,	0,	9,	'1ヶ月',	'1Months',	99999999,	'0000-00-00 00:00:00',	'0000-00-00 00:00:00',	0),
(361,	12,	9,	0,	0,	8,	'2ヶ月',	'2Months',	99999999,	'0000-00-00 00:00:00',	'0000-00-00 00:00:00',	0),
(362,	13,	0,	0,	0,	0,	'進学',	'go',	99999999,	'0000-00-00 00:00:00',	'0000-00-00 00:00:00',	0),
(363,	13,	1,	0,	0,	0,	'短期',	'short',	99999999,	'0000-00-00 00:00:00',	'0000-00-00 00:00:00',	0),
(364,	14,	0,	0,	0,	0,	'_ 不可',	'impossible',	99999999,	'0000-00-00 00:00:00',	'0000-00-00 00:00:00',	0),
(365,	14,	1,	0,	0,	0,	'△ 調整可能',	'adjustable_',	99999999,	'0000-00-00 00:00:00',	'0000-00-00 00:00:00',	0),
(366,	14,	2,	0,	0,	0,	'○割当希望',	'desirable',	99999999,	'0000-00-00 00:00:00',	'0000-00-00 00:00:00',	0),
(367,	15,	0,	0,	0,	0,	'日曜',	'Sunday',	99999999,	'0000-00-00 00:00:00',	'0000-00-00 00:00:00',	0),
(368,	15,	1,	0,	0,	0,	'月曜',	'Monday',	99999999,	'0000-00-00 00:00:00',	'0000-00-00 00:00:00',	0),
(369,	15,	2,	0,	0,	0,	'火曜',	'Thursday',	99999999,	'0000-00-00 00:00:00',	'0000-00-00 00:00:00',	0),
(370,	15,	3,	0,	0,	0,	'水曜',	'Wednesday',	99999999,	'0000-00-00 00:00:00',	'0000-00-00 00:00:00',	0),
(371,	15,	4,	0,	0,	0,	'木曜',	'Turesday',	99999999,	'0000-00-00 00:00:00',	'0000-00-00 00:00:00',	0),
(372,	15,	5,	0,	0,	0,	'金曜',	'Friday',	99999999,	'0000-00-00 00:00:00',	'0000-00-00 00:00:00',	0),
(373,	15,	6,	0,	0,	0,	'土曜',	'Saturday',	99999999,	'0000-00-00 00:00:00',	'0000-00-00 00:00:00',	0),
(374,	16,	1,	0,	0,	0,	'在職中',	'available',	99999999,	'0000-00-00 00:00:00',	'0000-00-00 00:00:00',	0),
(375,	16,	2,	0,	0,	0,	'休職中',	'suspension',	99999999,	'0000-00-00 00:00:00',	'0000-00-00 00:00:00',	0),
(376,	16,	3,	0,	0,	0,	'退職',	'retire',	99999999,	'0000-00-00 00:00:00',	'0000-00-00 00:00:00',	0),
(377,	17,	1,	0,	0,	0,	'午前',	'morning',	99999999,	'0000-00-00 00:00:00',	'0000-00-00 00:00:00',	0),
(378,	17,	2,	0,	0,	0,	'午後',	'afternoon',	99999999,	'0000-00-00 00:00:00',	'0000-00-00 00:00:00',	0),
(379,	17,	3,	0,	0,	0,	'昼休',	'lunch_break',	99999999,	'0000-00-00 00:00:00',	'0000-00-00 00:00:00',	0),
(380,	17,	4,	0,	0,	0,	'その他',	'other',	99999999,	'0000-00-00 00:00:00',	'0000-00-00 00:00:00',	0),
(381,	18,	1,	0,	0,	0,	'大学(本科)',	'University(department)',	99999999,	'0000-00-00 00:00:00',	'0000-00-00 00:00:00',	1),
(382,	18,	2,	0,	0,	0,	'大学(専科)',	'University_(vocational)',	99999999,	'0000-00-00 00:00:00',	'0000-00-00 00:00:00',	1),
(383,	18,	3,	0,	0,	0,	'短大',	'Junior_college',	99999999,	'0000-00-00 00:00:00',	'0000-00-00 00:00:00',	1),
(384,	18,	4,	0,	0,	0,	'専門学校',	'Vocational_school',	99999999,	'0000-00-00 00:00:00',	'0000-00-00 00:00:00',	1),
(385,	18,	5,	0,	0,	0,	'高等学校',	'high_school',	99999999,	'0000-00-00 00:00:00',	'0000-00-00 00:00:00',	1),
(386,	18,	6,	0,	0,	0,	'大学院（博士）',	'graduate_school(Doctoral_course)',	99999999,	'0000-00-00 00:00:00',	'0000-00-00 00:00:00',	1),
(387,	18,	7,	0,	0,	0,	'大学院（修士）',	'graduate_school(Master\'s_Course)',	99999999,	'0000-00-00 00:00:00',	'0000-00-00 00:00:00',	1),
(388,	18,	8,	0,	0,	0,	'その他',	'Other',	99999999,	'0000-00-00 00:00:00',	'0000-00-00 00:00:00',	1),
(389,	19,	1,	0,	0,	0,	'昇順',	'ascending',	99999999,	'0000-00-00 00:00:00',	'0000-00-00 00:00:00',	0),
(390,	19,	2,	0,	0,	0,	'降順',	'descending',	99999999,	'0000-00-00 00:00:00',	'0000-00-00 00:00:00',	0),
(391,	20,	1,	0,	0,	0,	'N1',	'N1',	99999999,	'0000-00-00 00:00:00',	'0000-00-00 00:00:00',	0),
(392,	20,	2,	0,	0,	0,	'N2',	'N2',	99999999,	'0000-00-00 00:00:00',	'0000-00-00 00:00:00',	0),
(393,	20,	3,	0,	0,	0,	'N3',	'N3',	99999999,	'0000-00-00 00:00:00',	'0000-00-00 00:00:00',	0),
(394,	20,	4,	0,	0,	0,	'N4',	'N4',	99999999,	'0000-00-00 00:00:00',	'0000-00-00 00:00:00',	0),
(395,	20,	5,	0,	0,	0,	'N5',	'N5',	99999999,	'0000-00-00 00:00:00',	'0000-00-00 00:00:00',	0),
(396,	21,	1,	0,	0,	0,	'学生',	'student',	99999999,	'0000-00-00 00:00:00',	'0000-00-00 00:00:00',	0),
(397,	21,	2,	0,	0,	0,	'常勤教職員',	'full-time_faculty_staff',	99999999,	'0000-00-00 00:00:00',	'0000-00-00 00:00:00',	0),
(398,	21,	3,	0,	0,	0,	'非常勤教職員',	'part-time_faculty_staff',	99999999,	'0000-00-00 00:00:00',	'0000-00-00 00:00:00',	0),
(399,	21,	4,	0,	0,	0,	'特別授業講師',	'special_lecturer',	99999999,	'0000-00-00 00:00:00',	'0000-00-00 00:00:00',	0),
(400,	21,	5,	0,	0,	0,	'事務職員',	'office_worker',	99999999,	'0000-00-00 00:00:00',	'0000-00-00 00:00:00',	0),
(401,	21,	6,	0,	0,	0,	'事務職員アルバイト',	'part_time_job',	99999999,	'0000-00-00 00:00:00',	'0000-00-00 00:00:00',	0),
(402,	21,	7,	0,	0,	0,	'校長',	'head_teacher',	99999999,	'0000-00-00 00:00:00',	'0000-00-00 00:00:00',	0),
(403,	21,	8,	0,	0,	0,	'理事長',	'president',	99999999,	'0000-00-00 00:00:00',	'0000-00-00 00:00:00',	0),
(404,	21,	9,	0,	0,	0,	'エージェント',	'agent',	99999999,	'0000-00-00 00:00:00',	'0000-00-00 00:00:00',	0),
(405,	22,	2,	1,	0,	0,	'常勤教職員',	'full-time_faculty_staff',	99999999,	'0000-00-00 00:00:00',	'0000-00-00 00:00:00',	0),
(406,	22,	3,	1,	0,	0,	'非常勤教職員',	'part-time_faculty_staff',	99999999,	'0000-00-00 00:00:00',	'0000-00-00 00:00:00',	0),
(407,	22,	4,	1,	0,	0,	'特別授業講師',	'special_lecturer',	99999999,	'0000-00-00 00:00:00',	'0000-00-00 00:00:00',	0),
(408,	22,	5,	1,	0,	0,	'事務職員',	'office_worker',	99999999,	'0000-00-00 00:00:00',	'0000-00-00 00:00:00',	0),
(409,	22,	7,	1,	0,	0,	'校長',	'head_teacher',	99999999,	'0000-00-00 00:00:00',	'0000-00-00 00:00:00',	0),
(410,	22,	8,	1,	0,	0,	'理事長',	'president',	99999999,	'0000-00-00 00:00:00',	'0000-00-00 00:00:00',	0),
(411,	23,	1,	0,	0,	0,	'就職',	'full-time_faculty_staff',	99999999,	'0000-00-00 00:00:00',	'0000-00-00 00:00:00',	0),
(412,	23,	2,	0,	0,	0,	'進学',	'part-time_faculty_staff',	99999999,	'0000-00-00 00:00:00',	'0000-00-00 00:00:00',	0),
(413,	23,	3,	0,	0,	0,	'帰国',	'special_lecturer',	99999999,	'0000-00-00 00:00:00',	'0000-00-00 00:00:00',	0),
(414,	23,	4,	0,	0,	0,	'自主退学',	'office_worker',	99999999,	'0000-00-00 00:00:00',	'0000-00-00 00:00:00',	0),
(415,	23,	5,	0,	0,	0,	'ビザ変更',	'part-time_faculty_staff',	99999999,	'0000-00-00 00:00:00',	'0000-00-00 00:00:00',	0),
(416,	23,	6,	0,	0,	0,	'ビザ期限切れ',	'special_lecturer',	99999999,	'0000-00-00 00:00:00',	'0000-00-00 00:00:00',	0),
(417,	23,	7,	0,	0,	0,	'学費未納',	'office_worker',	99999999,	'0000-00-00 00:00:00',	'0000-00-00 00:00:00',	0),
(418,	23,	8,	0,	0,	0,	'長期欠席',	'part-time_faculty_staff',	99999999,	'0000-00-00 00:00:00',	'0000-00-00 00:00:00',	0),
(419,	23,	9,	0,	0,	0,	'体調不良',	'special_lecturer',	99999999,	'0000-00-00 00:00:00',	'0000-00-00 00:00:00',	0),
(420,	23,	10,	0,	0,	0,	'違法行為',	'office_worker',	99999999,	'0000-00-00 00:00:00',	'0000-00-00 00:00:00',	0),
(421,	23,	11,	0,	0,	0,	'結婚',	'part-time_faculty_staff',	99999999,	'0000-00-00 00:00:00',	'0000-00-00 00:00:00',	0),
(422,	23,	12,	0,	0,	0,	'妊娠',	'special_lecturer',	99999999,	'0000-00-00 00:00:00',	'0000-00-00 00:00:00',	0),
(423,	23,	13,	0,	0,	0,	'個人都合',	'office_worker',	99999999,	'0000-00-00 00:00:00',	'0000-00-00 00:00:00',	0),
(424,	23,	14,	0,	0,	0,	'家庭都合',	'part-time_faculty_staff',	99999999,	'0000-00-00 00:00:00',	'0000-00-00 00:00:00',	0),
(425,	23,	15,	0,	0,	0,	'連絡なし',	'special_lecturer',	99999999,	'0000-00-00 00:00:00',	'0000-00-00 00:00:00',	0),
(426,	24,	1,	0,	0,	0,	'卒業（日本語）',	'Graduation_Japanese',	99999999,	'0000-00-00 00:00:00',	'0000-00-00 00:00:00',	1),
(427,	24,	2,	0,	0,	0,	'卒業（英語）',	'Graduation_English',	99999999,	'0000-00-00 00:00:00',	'0000-00-00 00:00:00',	1),
(428,	24,	3,	0,	0,	0,	'卒業見込（日本語）',	'Graduation_prospect_Japanese',	99999999,	'0000-00-00 00:00:00',	'0000-00-00 00:00:00',	1),
(429,	24,	4,	0,	0,	0,	'卒業見込（英語）',	'Graduation_prospect_English',	99999999,	'0000-00-00 00:00:00',	'0000-00-00 00:00:00',	1),
(430,	24,	5,	0,	0,	0,	'修了(日本語）',	'Completion_Japanese',	99999999,	'0000-00-00 00:00:00',	'0000-00-00 00:00:00',	1),
(431,	24,	6,	0,	0,	0,	'修了（英語）',	'Completion_English',	99999999,	'0000-00-00 00:00:00',	'0000-00-00 00:00:00',	1),
(432,	24,	7,	0,	0,	0,	'在学（日本語）',	'Studying_abroad_Japanese',	99999999,	'0000-00-00 00:00:00',	'0000-00-00 00:00:00',	1),
(433,	24,	8,	0,	0,	0,	'在学（英語）',	'Studying_abroad_Japanese_English',	99999999,	'0000-00-00 00:00:00',	'0000-00-00 00:00:00',	1),
(434,	24,	9,	0,	0,	0,	'通学',	'Going_to_school',	99999999,	'0000-00-00 00:00:00',	'0000-00-00 00:00:00',	1),
(435,	24,	10,	0,	0,	0,	'休暇期間',	'Vacation_period',	99999999,	'0000-00-00 00:00:00',	'0000-00-00 00:00:00',	1),
(436,	24,	11,	0,	0,	0,	'日本語能力',	'Japanese_ability',	99999999,	'0000-00-00 00:00:00',	'0000-00-00 00:00:00',	1),
(437,	24,	12,	0,	0,	0,	'学業成績（日本語）',	'Academic_record_Japanese',	99999999,	'0000-00-00 00:00:00',	'0000-00-00 00:00:00',	1),
(438,	24,	13,	0,	0,	0,	'学業成績（英語）',	'Academic_record_English',	99999999,	'0000-00-00 00:00:00',	'0000-00-00 00:00:00',	1),
(439,	24,	14,	0,	0,	0,	'公欠',	'Public_absence',	99999999,	'0000-00-00 00:00:00',	'0000-00-00 00:00:00',	1),
(440,	24,	15,	0,	0,	0,	'学生証再発行',	'Student_card_reissue',	99999999,	'0000-00-00 00:00:00',	'0000-00-00 00:00:00',	1),
(441,	24,	16,	0,	0,	0,	'推薦書',	'Letter_of_recommendation',	99999999,	'0000-00-00 00:00:00',	'0000-00-00 00:00:00',	1),
(442,	24,	17,	0,	0,	0,	'修了見込（日本語）',	'Prospect_expected_Japanese',	99999999,	'0000-00-00 00:00:00',	'0000-00-00 00:00:00',	1),
(443,	24,	18,	0,	0,	0,	'修了見込（英語）',	'Prospect_expected_English',	99999999,	'0000-00-00 00:00:00',	'0000-00-00 00:00:00',	1),
(444,	24,	19,	0,	0,	0,	'学校印押印',	'School_seal',	99999999,	'0000-00-00 00:00:00',	'0000-00-00 00:00:00',	1),
(445,	24,	20,	0,	0,	0,	'推薦書不発行理由書',	'Reason_for_not_issuing_letter_of_recommendation',	99999999,	'0000-00-00 00:00:00',	'0000-00-00 00:00:00',	1),
(446,	24,	21,	0,	0,	0,	'一時帰国',	'Temporary_return',	99999999,	'0000-00-00 00:00:00',	'0000-00-00 00:00:00',	1),
(447,	24,	22,	0,	0,	0,	'個人情報変更',	'Change_personal_information',	99999999,	'0000-00-00 00:00:00',	'0000-00-00 00:00:00',	1),
(448,	24,	23,	0,	0,	0,	'クラス移動',	'Move_to_class',	99999999,	'0000-00-00 00:00:00',	'0000-00-00 00:00:00',	1),
(449,	24,	24,	0,	0,	0,	'退学',	'Withdrawal',	99999999,	'0000-00-00 00:00:00',	'0000-00-00 00:00:00',	1),
(450,	25,	1,	0,	0,	0,	'事務局入力済み',	'secretariat_input',	99999999,	'0000-00-00 00:00:00',	'0000-00-00 00:00:00',	0),
(451,	25,	2,	0,	0,	0,	'事務局長承認済み',	'secretary_general_approved',	99999999,	'0000-00-00 00:00:00',	'0000-00-00 00:00:00',	0),
(452,	25,	3,	0,	0,	0,	'教務主任承認済み',	'education_chief_approved',	99999999,	'0000-00-00 00:00:00',	'0000-00-00 00:00:00',	0),
(453,	25,	4,	0,	0,	0,	'学校長承認済み',	'school_chief_approved',	99999999,	'0000-00-00 00:00:00',	'0000-00-00 00:00:00',	0),
(454,	25,	5,	0,	0,	0,	'証明書発行済み',	'issued_certificate',	99999999,	'0000-00-00 00:00:00',	'0000-00-00 00:00:00',	0),
(455,	26,	1,	0,	0,	0,	'入金済',	'Payment_already_done',	99999999,	'0000-00-00 00:00:00',	'0000-00-00 00:00:00',	0),
(456,	26,	2,	0,	0,	0,	'未入金',	'Not_payment',	99999999,	'0000-00-00 00:00:00',	'0000-00-00 00:00:00',	0),
(457,	27,	1,	0,	0,	0,	'大学主専攻',	'main_major',	99999999,	'0000-00-00 00:00:00',	'0000-00-00 00:00:00',	0),
(458,	27,	2,	0,	0,	0,	'大学副専攻',	'minor_major',	99999999,	'0000-00-00 00:00:00',	'0000-00-00 00:00:00',	0),
(459,	27,	3,	0,	0,	0,	'検定試験',	'examination_test',	99999999,	'0000-00-00 00:00:00',	'0000-00-00 00:00:00',	0),
(460,	27,	4,	0,	0,	0,	'大卒＋要請講座',	'university_degree+training_lecture',	99999999,	'0000-00-00 00:00:00',	'0000-00-00 00:00:00',	0),
(461,	28,	1,	0,	0,	0,	'初級',	'elementary_level',	99999999,	'0000-00-00 00:00:00',	'0000-00-00 00:00:00',	0),
(462,	28,	2,	0,	0,	0,	'中級',	'intermediate_level',	99999999,	'0000-00-00 00:00:00',	'0000-00-00 00:00:00',	0),
(463,	28,	3,	0,	0,	0,	'上級',	'advanced_level',	99999999,	'0000-00-00 00:00:00',	'0000-00-00 00:00:00',	0),
(464,	28,	4,	0,	0,	0,	'大学',	'university_level',	99999999,	'0000-00-00 00:00:00',	'0000-00-00 00:00:00',	0),
(465,	28,	5,	0,	0,	0,	'大学院',	'graduate_school_level',	99999999,	'0000-00-00 00:00:00',	'0000-00-00 00:00:00',	0),
(466,	29,	1,	0,	0,	0,	'正社員',	'regular',	99999999,	'0000-00-00 00:00:00',	'0000-00-00 00:00:00',	0),
(467,	29,	2,	0,	0,	0,	'非正規',	'irregular',	99999999,	'0000-00-00 00:00:00',	'0000-00-00 00:00:00',	0),
(468,	29,	3,	0,	0,	0,	'非常勤',	'part-time',	99999999,	'0000-00-00 00:00:00',	'0000-00-00 00:00:00',	0),
(469,	29,	4,	0,	0,	0,	'その他（役員など）',	'Other',	99999999,	'0000-00-00 00:00:00',	'0000-00-00 00:00:00',	0),
(470,	30,	1,	0,	0,	0,	'法人',	'corporate',	99999999,	'0000-00-00 00:00:00',	'0000-00-00 00:00:00',	0),
(471,	30,	2,	0,	0,	0,	'個人',	'individual',	99999999,	'0000-00-00 00:00:00',	'0000-00-00 00:00:00',	0),
(472,	2,	9,	0,	0,	0,	'休学',	'temporary_absence',	99999999,	'0000-00-00 00:00:00',	'0000-00-00 00:00:00',	1),
(473,	466,	1,	2,	0,	0,	'文字語彙',	'term_end_test_vocabulary',	0,	'2017-11-23 11:42:47',	'2017-12-27 16:21:28',	0),
(474,	466,	2,	2,	0,	0,	'文法',	'term_end_test_grammar',	0,	'2017-11-23 11:42:47',	'2017-12-27 16:21:28',	0),
(475,	466,	3,	5,	0,	0,	'文字語彙文法',	'jlpt_vocabulary_grammar',	0,	'2017-11-23 11:42:47',	'2017-12-27 16:21:28',	0),
(476,	466,	4,	5,	0,	0,	'読解',	'jlpt_reading',	0,	'2017-11-23 11:42:47',	'2017-12-27 16:21:28',	0),
(477,	466,	5,	5,	0,	0,	'聴解',	'jlpt_listening',	0,	'2017-11-23 11:42:47',	'2017-12-27 16:21:28',	0),
(478,	467,	6,	0,	0,	0,	'文作',	'term_middle_test_vocabulary',	0,	'2017-09-26 10:09:36',	'2017-09-26 10:09:36',	0),
(479,	467,	7,	0,	0,	0,	'Test section 1',	'term_middle_test_grammar',	0,	'2017-09-26 10:09:36',	'2017-09-26 10:09:36',	0),
(480,	25,	0,	0,	0,	0,	'証明書発行待ち',	'waiting_certificate_issuance',	0,	'2017-11-23 11:43:24',	'2017-11-23 11:43:24',	0),
(481,	25,	6,	0,	0,	0,	'学校長差戻し',	'school_chief_remand',	0,	'2017-11-23 11:43:24',	'2017-11-23 11:43:24',	0),
(482,	25,	7,	0,	0,	0,	'教務主任差戻し',	'education_chief_remand',	0,	'2017-11-23 11:43:24',	'2017-11-23 11:43:24',	0),
(483,	25,	8,	0,	0,	0,	'事務局長差戻し',	'secretary_general_remand',	0,	'2017-11-23 11:43:24',	'2017-11-23 11:43:24',	0),
(484,	25,	9,	0,	0,	0,	'事務局差戻し',	'secretariat_remand',	0,	'2017-11-23 11:43:24',	'2017-11-23 11:43:24',	0),
(485,	22,	9,	1,	0,	0,	'事務局長',	'ceo',	0,	'2017-11-23 11:43:24',	'2017-11-23 11:43:24',	0),
(486,	22,	10,	1,	0,	0,	'教務主任',	'education_chief',	0,	'2017-11-23 11:43:24',	'2017-11-23 11:43:24',	0),
(487,	22,	11,	1,	0,	0,	'事務職員アルバイト',	'part-time_job',	0,	'2017-11-23 11:43:24',	'2017-11-23 11:43:24',	0),
(488,	467,	1,	0,	0,	0,	'帰国',	'return_home',	0,	'2017-11-23 11:44:09',	'2017-11-23 11:44:09',	0),
(489,	467,	2,	0,	0,	0,	'日本国内の高等教育機関に進学',	'study_in_higher',	0,	'2017-11-23 11:44:09',	'2017-11-23 11:44:09',	0),
(490,	467,	3,	0,	0,	0,	'日本国内の企業に就職',	'work_in_jp',	0,	'2017-11-23 11:44:09',	'2017-11-23 11:44:09',	0),
(491,	467,	4,	0,	0,	0,	'その他の在留資格へ変更',	'changing_to_other',	0,	'2017-11-23 11:44:09',	'2017-11-23 11:44:09',	0),
(492,	466,	6,	1,	0,	0,	'文字語彙',	'term_middle_test_vocabulary',	0,	'2017-11-23 11:47:40',	'2017-12-27 16:21:28',	0),
(493,	468,	1,	1,	0,	1,	'1月 ',	'january',	2000,	'2017-11-23 11:49:01',	'0000-00-00 00:00:00',	0),
(494,	468,	2,	1,	0,	2,	'2月',	'february',	2000,	'2017-11-23 11:49:01',	'0000-00-00 00:00:00',	0),
(495,	468,	3,	1,	0,	3,	'3月',	'march',	2000,	'2017-11-23 11:49:01',	'0000-00-00 00:00:00',	0),
(496,	468,	4,	4,	0,	4,	'4月',	'april',	2000,	'2017-11-23 11:49:01',	'0000-00-00 00:00:00',	0),
(497,	468,	5,	4,	0,	5,	'5月',	'may',	2000,	'2017-11-23 11:49:01',	'0000-00-00 00:00:00',	0),
(498,	468,	6,	4,	0,	6,	'6月',	'june',	2000,	'2017-11-23 11:49:01',	'0000-00-00 00:00:00',	0),
(499,	468,	7,	7,	0,	7,	'7月 ',	'july',	2000,	'2017-11-23 11:49:01',	'0000-00-00 00:00:00',	0),
(500,	468,	8,	7,	0,	8,	'8月',	'august',	2000,	'2017-11-23 11:49:01',	'0000-00-00 00:00:00',	0),
(501,	468,	9,	7,	0,	9,	'9月',	'september',	2000,	'2017-11-23 11:49:01',	'0000-00-00 00:00:00',	0),
(502,	468,	10,	10,	0,	10,	'10月',	'october',	2000,	'2017-11-23 11:49:01',	'0000-00-00 00:00:00',	0),
(503,	468,	11,	10,	0,	11,	'11月',	'november',	2000,	'2017-11-23 11:49:01',	'0000-00-00 00:00:00',	0),
(504,	468,	12,	10,	0,	12,	'12月',	'december',	2000,	'2017-11-23 11:49:01',	'0000-00-00 00:00:00',	0),
(505,	469,	1,	0,	0,	1,	'帰国',	'Retuern_to_home_country',	2000,	'2017-11-23 11:49:11',	'0000-00-00 00:00:00',	0),
(506,	469,	2,	0,	0,	2,	'日本での進学',	'Enter_school_of_higher_education_in_Japan',	2000,	'2017-11-23 11:49:11',	'0000-00-00 00:00:00',	0),
(507,	469,	3,	0,	0,	3,	'日本での就職',	'Find_work_in_Japan',	2000,	'2017-11-23 11:49:11',	'0000-00-00 00:00:00',	0),
(508,	469,	4,	0,	0,	4,	'その他',	'Others',	2000,	'2017-11-23 11:49:11',	'0000-00-00 00:00:00',	0),
(509,	470,	1,	0,	0,	1,	'卒業',	'Graduated',	2000,	'2017-11-23 11:49:11',	'0000-00-00 00:00:00',	0),
(510,	470,	2,	0,	0,	2,	'在学中',	'In_school',	2000,	'2017-11-23 11:49:11',	'0000-00-00 00:00:00',	0),
(511,	470,	3,	0,	0,	3,	'休学中',	'Temporary_absence',	2000,	'2017-11-23 11:49:11',	'0000-00-00 00:00:00',	0),
(512,	470,	4,	0,	0,	4,	'中退',	'Withdrawal',	2000,	'2017-11-23 11:49:11',	'0000-00-00 00:00:00',	0),
(513,	471,	1,	0,	0,	1,	'外国政府',	'Foreign_government',	2000,	'2017-11-23 11:49:11',	'0000-00-00 00:00:00',	0),
(514,	471,	2,	0,	0,	2,	'日本国政府',	'Japanese_government',	2000,	'2017-11-23 11:49:11',	'0000-00-00 00:00:00',	0),
(515,	471,	3,	0,	0,	3,	'地方公共団体',	'Local_government',	2000,	'2017-11-23 11:49:11',	'0000-00-00 00:00:00',	0),
(516,	471,	4,	0,	0,	4,	'公益社団法人又は公益財団法人',	'Public_interest_incorporated_association_Public_interest_incorporated_foundation',	2000,	'2017-11-23 11:49:11',	'0000-00-00 00:00:00',	0),
(517,	471,	5,	0,	0,	5,	'その他',	'Others',	2000,	'2017-11-23 11:49:11',	'0000-00-00 00:00:00',	0),
(518,	472,	1,	0,	0,	1,	'夫',	'Husand',	2000,	'2017-11-23 11:49:11',	'0000-00-00 00:00:00',	0),
(519,	472,	2,	0,	0,	2,	'妻',	'Wife',	2000,	'2017-11-23 11:49:11',	'0000-00-00 00:00:00',	0),
(520,	472,	3,	0,	0,	3,	'父',	'Father',	2000,	'2017-11-23 11:49:11',	'0000-00-00 00:00:00',	0),
(521,	472,	4,	0,	0,	4,	'母',	'Mother',	2000,	'2017-11-23 11:49:11',	'0000-00-00 00:00:00',	0),
(522,	472,	5,	0,	0,	5,	'祖父',	'Grandfather',	2000,	'2017-11-23 11:49:11',	'0000-00-00 00:00:00',	0),
(523,	472,	6,	0,	0,	6,	'祖母',	'Grandmother',	2000,	'2017-11-23 11:49:11',	'0000-00-00 00:00:00',	0),
(524,	472,	7,	0,	0,	7,	'養父',	'Foster_father',	2000,	'2017-11-23 11:49:11',	'0000-00-00 00:00:00',	0),
(525,	472,	8,	0,	0,	8,	'養母',	'Foster_mother',	2000,	'2017-11-23 11:49:11',	'0000-00-00 00:00:00',	0),
(526,	472,	9,	0,	0,	9,	'兄弟姉妹',	'Brother_Sister',	2000,	'2017-11-23 11:49:11',	'0000-00-00 00:00:00',	0),
(527,	472,	10,	0,	0,	10,	'叔父（伯父）・叔母（伯母）',	'Unccle_Aunt',	2000,	'2017-11-23 11:49:11',	'0000-00-00 00:00:00',	0),
(528,	472,	11,	0,	0,	11,	'受入教育機関',	'Educational_institution',	2000,	'2017-11-23 11:49:11',	'0000-00-00 00:00:00',	0),
(529,	472,	12,	0,	0,	12,	'友人・知人',	'Friend_Acquaintance',	2000,	'2017-11-23 11:49:11',	'0000-00-00 00:00:00',	0),
(530,	472,	13,	0,	0,	13,	'友人・知人の親族',	'Relative_of_friend_acquaintance',	2000,	'2017-11-23 11:49:11',	'0000-00-00 00:00:00',	0),
(531,	472,	14,	0,	0,	14,	'取引関係者・現地企業等職員',	'Business_connection_personnel_of_local_enterprise',	2000,	'2017-11-23 11:49:11',	'0000-00-00 00:00:00',	0),
(532,	472,	15,	0,	0,	15,	'取引関係者・現地企業等職員の親族',	'Relative_of_business_connection_personnel_of_local_enterprise',	2000,	'2017-11-23 11:49:11',	'0000-00-00 00:00:00',	0),
(533,	472,	16,	0,	0,	16,	'その他',	'Others',	2000,	'2017-11-23 11:49:11',	'0000-00-00 00:00:00',	0),
(534,	473,	1,	0,	0,	1,	'1年3ヵ月',	'1year_3months',	2000,	'2017-11-23 11:49:12',	'0000-00-00 00:00:00',	0),
(535,	473,	2,	0,	0,	2,	'1年',	'1year',	2000,	'2017-11-23 11:49:12',	'0000-00-00 00:00:00',	0),
(536,	473,	3,	0,	0,	3,	'6ヵ月',	'6months',	2000,	'2017-11-23 11:49:12',	'0000-00-00 00:00:00',	0),
(537,	473,	4,	0,	0,	4,	'3ヵ月',	'3months',	2000,	'2017-11-23 11:49:12',	'0000-00-00 00:00:00',	0),
(538,	474,	2,	0,	0,	1,	'製造',	'Manufacturing',	2000,	'2017-11-23 11:49:12',	'0000-00-00 00:00:00',	0),
(539,	474,	3,	0,	0,	2,	'商業',	'Commerce',	2000,	'2017-11-23 11:49:12',	'0000-00-00 00:00:00',	0),
(540,	474,	4,	0,	0,	3,	'教育',	'Education',	2000,	'2017-11-23 11:49:12',	'0000-00-00 00:00:00',	0),
(541,	474,	1,	0,	0,	4,	'その他',	'Others',	2000,	'2017-11-23 11:49:12',	'0000-00-00 00:00:00',	0),
(542,	475,	2,	0,	0,	1,	'翻訳・通訳',	'Translation_Interpretation',	2000,	'2017-11-23 11:49:12',	'0000-00-00 00:00:00',	0),
(543,	475,	3,	0,	0,	2,	'語学教師',	'Language_teaching',	2000,	'2017-11-23 11:49:12',	'0000-00-00 00:00:00',	0),
(544,	475,	1,	0,	0,	3,	'その他',	'Others',	2000,	'2017-11-23 11:49:12',	'0000-00-00 00:00:00',	0),
(545,	476,	1,	0,	0,	1,	'月給',	'Monthly',	2000,	'2017-11-23 11:49:12',	'0000-00-00 00:00:00',	0),
(546,	476,	2,	0,	0,	2,	'週給',	'Weekly',	2000,	'2017-11-23 11:49:12',	'0000-00-00 00:00:00',	0),
(547,	476,	3,	0,	0,	3,	'日給',	'Daily',	2000,	'2017-11-23 11:49:12',	'0000-00-00 00:00:00',	0),
(548,	477,	1,	0,	0,	1,	'申請中',	'Applying',	2000,	'2017-11-23 11:49:12',	'0000-00-00 00:00:00',	0),
(549,	477,	2,	0,	0,	2,	'交付',	'Delivering',	2000,	'2017-11-23 11:49:12',	'0000-00-00 00:00:00',	0),
(550,	477,	3,	0,	0,	3,	'不交付',	'Non-Delivering',	2000,	'2017-11-23 11:49:12',	'0000-00-00 00:00:00',	0),
(551,	477,	4,	0,	0,	4,	'取り下げ',	'Withdrawal',	2000,	'2017-11-23 11:49:12',	'2017-12-28 17:54:55',	1),
(552,	5,	2,	0,	0,	0,	'既婚',	'married',	0,	'0000-00-00 00:00:00',	'0000-00-00 00:00:00',	0),
(553,	478,	1,	0,	0,	0,	'承認ステータス',	'approve_status_cd',	0,	'2017-11-23 11:49:52',	'2017-11-23 11:49:52',	0),
(554,	478,	2,	0,	0,	0,	'差戻しステータス',	'remand_status_cd',	0,	'2017-11-23 11:49:52',	'2017-11-23 11:49:52',	0),
(555,	479,	1,	0,	0,	0,	'都営新宿線',	'toei_shinjuku_line',	0,	'2017-11-23 11:49:52',	'2017-11-23 11:49:52',	0),
(556,	479,	2,	0,	0,	0,	'都営浅草線',	'toei_asakusa_line',	0,	'2017-11-23 11:49:52',	'2017-11-23 11:49:52',	0),
(557,	479,	3,	0,	0,	0,	'都営大江戸線',	'toei_oedo_line',	0,	'2017-11-23 11:49:52',	'2017-11-23 11:49:52',	0),
(558,	479,	4,	0,	0,	0,	'都営三田線',	'toei_mita_line',	0,	'2017-11-23 11:49:52',	'2017-11-23 11:49:52',	0),
(559,	479,	5,	0,	0,	0,	'左記路線以外',	'other_than_the_left_route',	0,	'2017-11-23 11:49:52',	'2017-11-23 11:49:52',	0),
(560,	480,	1,	0,	0,	1,	'進学',	'college',	0,	'2017-11-23 11:49:52',	'2017-11-23 11:49:52',	0),
(561,	480,	2,	0,	0,	2,	'就職',	'employment',	0,	'2017-11-23 11:49:52',	'2017-11-23 11:49:52',	0),
(562,	480,	3,	0,	0,	3,	'ビザ更新',	'visa_update',	0,	'2017-11-23 11:49:52',	'2017-11-23 11:49:52',	0),
(563,	480,	4,	0,	0,	4,	'ビザ変更',	'visa_change',	0,	'2017-11-23 11:49:52',	'2017-11-23 11:49:52',	0),
(564,	480,	5,	0,	0,	5,	'アルバイト',	'part_time_job',	0,	'2017-11-23 11:49:52',	'2017-11-23 11:49:52',	0),
(565,	480,	6,	0,	0,	6,	'その他',	'other',	0,	'2017-11-23 11:49:52',	'2017-11-23 11:49:52',	0),
(566,	481,	1,	0,	0,	1,	'入国管理局',	'immigration_bureau',	0,	'2017-11-23 11:50:09',	'2017-11-23 11:50:09',	0),
(567,	481,	2,	0,	0,	2,	'大学',	'university',	0,	'2017-11-23 11:50:09',	'2017-11-23 11:50:09',	0),
(568,	481,	3,	0,	0,	3,	'大学院',	'graduate_school',	0,	'2017-11-23 11:50:09',	'2017-11-23 11:50:09',	0),
(569,	481,	4,	0,	0,	4,	'専門学校',	'vocational_school',	0,	'2017-11-23 11:50:09',	'2017-11-23 11:50:09',	0),
(570,	481,	5,	0,	0,	5,	'会社',	'company',	0,	'2017-11-23 11:50:09',	'2017-11-23 11:50:09',	0),
(571,	481,	6,	0,	0,	6,	'アルバイト先',	'part_time_job',	0,	'2017-11-23 11:50:09',	'2017-11-23 11:50:09',	0),
(572,	481,	7,	0,	0,	7,	'その他',	'other',	0,	'2017-11-23 11:50:09',	'2017-11-23 11:50:09',	0),
(573,	466,	7,	1,	0,	0,	'文法',	'term_middle_test_grammar',	0,	'2017-11-23 12:04:07',	'2017-12-27 16:21:28',	0),
(574,	466,	8,	1,	0,	0,	'文作',	'term_middle_test_composition',	0,	'2017-11-23 12:04:07',	'2017-12-27 16:21:28',	0),
(575,	482,	0,	0,	0,	0,	'未受験',	'input_not_apply',	0,	'2017-11-30 18:36:05',	'2017-11-30 18:36:05',	0),
(576,	482,	1,	0,	0,	1,	'未完了',	'input_not_complete',	0,	'2017-11-30 18:36:05',	'2017-11-30 18:36:05',	0),
(577,	482,	2,	0,	0,	2,	'完了',	'input_complete',	0,	'2017-11-30 18:36:05',	'2017-11-30 18:36:05',	0),
(578,	483,	0,	0,	0,	1,	'-',	'',	0,	'2017-11-30 18:36:05',	'2017-11-30 18:36:05',	0),
(579,	483,	1,	0,	0,	3,	'欠席',	'apply_no',	0,	'2017-11-30 18:36:05',	'2017-11-30 18:36:05',	0),
(580,	483,	2,	0,	0,	2,	'出願済',	'apply_yes',	0,	'2017-11-30 18:36:05',	'2017-11-30 18:36:05',	0),
(581,	484,	0,	0,	0,	2,	'×',	'result_failure',	2000,	'2017-11-30 18:36:05',	'2017-11-30 18:36:05',	0),
(582,	484,	1,	0,	0,	1,	'〇',	'result_success',	2000,	'2017-11-30 18:36:05',	'2017-11-30 18:36:05',	0),
(589,	486,	1,	0,	0,	0,	'入学試験',	'check_input',	0,	'2017-12-27 15:30:15',	'2017-12-27 15:30:15',	0),
(590,	486,	2,	0,	0,	1,	'葬儀',	'funeral',	0,	'2017-12-27 15:30:15',	'2017-12-27 15:30:15',	0),
(591,	486,	3,	0,	0,	2,	'研究室訪問',	'visit_the_lab',	0,	'2017-12-27 15:30:15',	'2017-12-27 15:30:15',	0),
(592,	486,	4,	0,	0,	3,	'就職面接',	'job_interview',	0,	'2017-12-27 15:30:15',	'2017-12-27 15:30:15',	0),
(593,	486,	5,	0,	0,	4,	'その他',	'other',	0,	'2017-12-27 15:30:15',	'2017-12-27 15:30:15',	0),
(594,	2,	10,	0,	0,	0,	'入学希望',	'admission_request',	2000,	'2017-12-27 15:34:45',	'0000-00-00 00:00:00',	0),
(595,	2,	11,	0,	0,	0,	'不入学',	'non_admission',	2000,	'2017-12-27 15:34:45',	'0000-00-00 00:00:00',	0),
(596,	2,	12,	0,	0,	0,	'強制退学',	'forced_withdrawal',	2000,	'2017-12-27 15:34:45',	'0000-00-00 00:00:00',	0),
(597,	487,	0,	0,	0,	0,	'未作成',	'not_created',	2000,	'2017-12-27 15:40:06',	'0000-00-00 00:00:00',	0),
(598,	487,	1,	0,	0,	0,	'未発行',	'created',	2000,	'2017-12-27 15:40:06',	'0000-00-00 00:00:00',	0),
(599,	487,	2,	0,	0,	0,	'発行済',	'published',	2000,	'2017-12-27 15:40:06',	'0000-00-00 00:00:00',	0),
(600,	488,	1,	0,	0,	0,	'海外送金',	'international_transfer',	2000,	'2017-12-27 15:42:06',	'0000-00-00 00:00:00',	0),
(601,	488,	2,	0,	0,	0,	'税金',	'tax',	2000,	'2017-12-27 15:42:06',	'0000-00-00 00:00:00',	0),
(602,	488,	3,	0,	0,	0,	'国内振込',	'domestic_transfer',	2000,	'2017-12-27 15:42:06',	'0000-00-00 00:00:00',	0),
(603,	488,	4,	0,	0,	0,	'取り消し',	'cancel',	2000,	'2017-12-27 15:42:06',	'0000-00-00 00:00:00',	0),
(604,	466,	9,	4,	0,	0,	'文字語彙',	'class_up_test_vocabulary',	0,	'2017-09-26 10:09:36',	'2017-11-24 13:53:48',	0),
(605,	466,	10,	4,	0,	0,	'文法',	'class_up_test_grammar',	0,	'2017-09-26 10:09:36',	'2017-11-24 13:53:48',	0),
(606,	466,	11,	4,	0,	0,	'文作',	'class_up_test_composition',	0,	'2017-11-02 16:40:54',	'2017-11-24 13:53:48',	0),
(607,	477,	0,	0,	0,	0,	'未申請',	'unapplied',	2000,	'2017-12-28 17:17:11',	'2018-01-05 17:10:00',	0),
(608,	465,	1,	0,	0,	0,	'ダウンロード前',	'before_download',	0,	'0000-00-00 00:00:00',	'0000-00-00 00:00:00',	0),
(609,	465,	2,	0,	0,	0,	'ダウンロード済',	'downloaded',	0,	'0000-00-00 00:00:00',	'0000-00-00 00:00:00',	0),
(610,	465,	3,	0,	0,	0,	'動画再生済',	'played_video',	0,	'0000-00-00 00:00:00',	'0000-00-00 00:00:00',	0),
(611,	465,	4,	0,	0,	0,	'確認テスト済',	'tested_confirmation',	0,	'0000-00-00 00:00:00',	'0000-00-00 00:00:00',	0),
(612,	465,	5,	0,	0,	0,	'テスト結果送信済',	'sent_test_result',	0,	'0000-00-00 00:00:00',	'0000-00-00 00:00:00',	0),
(613,	465,	6,	0,	0,	0,	'テスト結果合格済',	'passed_test_result',	0,	'0000-00-00 00:00:00',	'0000-00-00 00:00:00',	0),
(614,	465,	9,	0,	0,	0,	'削除済',	'deleted',	0,	'0000-00-00 00:00:00',	'0000-00-00 00:00:00',	0),
(615,	489,	1,	0,	0,	1,	'成績一覧画面',	'result_list',	0,	'2018-01-23 16:41:36',	'2018-01-23 16:41:36',	0),
(617,	476,	4,	0,	0,	4,	'時給',	'hour',	0,	'2018-01-23 17:44:53',	'2018-01-23 17:44:53',	0),
(618,	466,	12,	7,	0,	0,	'読解',	'eju_reading',	0,	'2018-02-02 17:31:33',	'2018-02-02 17:31:33',	0),
(619,	466,	13,	7,	0,	0,	'聴解・聴読解',	'eju_listening-reading',	0,	'2018-02-02 17:31:33',	'2018-02-02 17:31:33',	0),
(620,	490,	1,	0,	0,	1,	'奨学金一覧',	'reward_scholarship',	0,	'2018-02-09 17:43:03',	'2018-02-09 17:43:03',	0),
(621,	490,	2,	0,	0,	2,	'皆勤賞(学期)',	'reward_good_attendance_school_term',	0,	'2018-02-09 17:43:03',	'2018-02-09 17:43:03',	0),
(622,	490,	3,	0,	0,	3,	'優秀賞(学期)',	'reward_good_performance_school_term',	0,	'2018-02-09 17:43:03',	'2018-02-09 17:43:03',	0),
(623,	490,	4,	0,	0,	4,	'皆勤賞(入学～卒業)',	'reward_good_attendance_entrance_graduation',	0,	'2018-02-09 17:43:03',	'2018-02-09 17:43:03',	0),
(624,	490,	5,	0,	0,	5,	'優秀賞(入学～卒業)',	'reward_good_performance_entrance_graduation',	0,	'2018-02-09 17:43:03',	'2018-02-09 17:43:03',	0),
(625,	490,	6,	0,	0,	6,	'罰',	'punishment',	0,	'2018-02-09 17:43:03',	'2018-02-09 17:43:03',	0),
(626,	466,	15,	3,	0,	0,	'文字語彙',	'placement_test_vocabulary',	0,	'2018-02-26 19:16:51',	'2018-02-26 19:16:51',	0),
(627,	466,	16,	3,	0,	0,	'文法',	'placement_test_grammar',	0,	'2018-02-26 19:16:51',	'2018-02-26 19:16:51',	0),
(628,	466,	17,	3,	0,	0,	'文作',	'placement_test_composition',	0,	'2018-02-26 19:16:51',	'2018-02-26 19:16:51',	0),
(629,	491,	0,	0,	0,	1,	'保留中',	'pending',	0,	'2018-02-26 23:09:57',	'2018-02-26 23:09:57',	0),
(630,	491,	5,	0,	0,	2,	'登録された',	'registered',	0,	'2018-02-26 23:09:57',	'2018-02-26 23:09:57',	0),
(631,	491,	1,	0,	0,	3,	'承認された',	'approved',	0,	'2018-02-26 23:09:57',	'2018-02-26 23:09:57',	0),
(632,	491,	9,	0,	0,	4,	'拒否された',	'rejected',	0,	'2018-02-26 23:09:57',	'2018-02-26 23:09:57',	0),
(633,	10,	5,	0,	0,	0,	'今月',	'in_month',	2000,	'2018-03-01 16:22:23',	'0000-00-00 00:00:00',	0),
(634,	25,	10,	0,	0,	0,	'学生入力済み',	'student_input',	0,	'2018-03-27 10:30:19',	'0000-00-00 00:00:00',	0),
(635,	25,	11,	0,	0,	0,	'学生差戻し',	'student_remand',	0,	'2018-03-27 10:30:19',	'0000-00-00 00:00:00',	0),
(636,	492,	1,	5,	0,	1,	'卒業',	'graduate_judgement',	0,	'2018-03-27 10:33:08',	'0000-00-00 00:00:00',	0),
(637,	492,	2,	6,	0,	3,	'修了',	'completion_judgement',	0,	'2018-03-27 10:33:08',	'0000-00-00 00:00:00',	0),
(638,	492,	3,	5,	0,	5,	'特別卒業',	'special_graduate_judgement',	0,	'2018-03-27 10:33:08',	'0000-00-00 00:00:00',	0),
(639,	492,	4,	6,	0,	7,	'特別修了',	'special_completion_judgement',	0,	'2018-03-27 10:33:08',	'0000-00-00 00:00:00',	0),
(640,	492,	5,	0,	0,	2,	'卒業見込み',	'graduate_intended',	0,	'2018-03-27 10:33:08',	'0000-00-00 00:00:00',	0),
(641,	492,	6,	0,	0,	4,	'修了見込み',	'completion_intended',	0,	'2018-03-27 10:33:08',	'0000-00-00 00:00:00',	0),
(642,	492,	7,	0,	0,	6,	'特別卒業見込み',	'special_graduate_intended',	0,	'2018-03-27 10:33:08',	'0000-00-00 00:00:00',	0),
(643,	492,	8,	0,	0,	8,	'特別修了見込み',	'special_completion_intended',	0,	'2018-03-27 10:33:08',	'0000-00-00 00:00:00',	0),
(644,	492,	9,	7,	0,	9,	'退学',	'withdrawal_judgement',	0,	'2018-03-27 10:33:08',	'0000-00-00 00:00:00',	0),
(645,	492,	10,	0,	0,	10,	'退学見込み',	'withdrawal_intended',	0,	'2018-03-27 10:33:08',	'0000-00-00 00:00:00',	0),
(646,	492,	0,	0,	0,	11,	'その他',	'other_judgement',	0,	'2018-03-27 10:33:08',	'0000-00-00 00:00:00',	0),
(647,	10,	6,	0,	0,	0,	'出席',	'all_attend',	99999999,	'2018-03-27 10:34:04',	'2018-03-27 10:34:04',	0),
(648,	10,	7,	0,	0,	0,	'欠席',	'all_absence',	99999999,	'2018-03-27 10:34:04',	'2018-03-27 10:34:04',	0),
(649,	3,	24,	0,	0,	0,	'永住者',	'',	0,	'2018-03-27 10:54:29',	'0000-00-00 00:00:00',	0),
(650,	3,	25,	0,	0,	0,	'日本人の配偶者等',	'',	0,	'2018-03-27 10:54:29',	'0000-00-00 00:00:00',	0),
(651,	3,	26,	0,	0,	0,	'永住者の配偶者等',	'',	0,	'2018-03-27 10:54:29',	'0000-00-00 00:00:00',	0),
(652,	3,	27,	0,	0,	0,	'定住者',	'',	0,	'2018-03-27 10:54:29',	'0000-00-00 00:00:00',	0),
(653,	18,	1,	0,	0,	0,	'大学院（博士）',	'graduate_school(Doctoral_course)',	0,	'2018-03-27 10:54:29',	'0000-00-00 00:00:00',	0),
(654,	18,	2,	0,	0,	0,	'大学院（修士）',	'graduate_school(Master\'s_Course)',	0,	'2018-03-27 10:54:29',	'0000-00-00 00:00:00',	0),
(655,	18,	3,	0,	0,	0,	'大学',	'University',	0,	'2018-03-27 10:54:29',	'0000-00-00 00:00:00',	0),
(656,	18,	4,	0,	0,	0,	'短期大学',	'Junior_college',	0,	'2018-03-27 10:54:29',	'0000-00-00 00:00:00',	0),
(657,	18,	5,	0,	0,	0,	'専門学校',	'college_of_technology',	0,	'2018-03-27 10:54:29',	'0000-00-00 00:00:00',	0),
(658,	18,	6,	0,	0,	0,	'高等学校',	'Senior_high_school',	0,	'2018-03-27 10:54:29',	'0000-00-00 00:00:00',	0),
(659,	18,	7,	0,	0,	0,	'中学校',	'Junior_high_school',	0,	'2018-03-27 10:54:29',	'0000-00-00 00:00:00',	0),
(660,	18,	8,	0,	0,	0,	'小学校',	'Elementary_school',	0,	'2018-03-27 10:54:29',	'0000-00-00 00:00:00',	0),
(661,	18,	9,	0,	0,	0,	'その他',	'Others',	0,	'2018-03-27 10:54:29',	'0000-00-00 00:00:00',	0),
(662,	493,	1,	0,	0,	0,	'大学',	'university',	2000,	'2018-05-17 20:25:39',	'2018-05-17 20:25:39',	0),
(663,	493,	2,	0,	0,	0,	'大学院',	'postgraduate',	2000,	'2018-05-17 20:25:39',	'2018-05-17 20:25:39',	0),
(664,	493,	3,	0,	0,	0,	'専修学校',	'vocational_school',	2000,	'2018-05-17 20:25:39',	'2018-05-17 20:25:39',	0),
(665,	493,	4,	0,	0,	0,	'大学校',	'industrial_school',	2000,	'2018-05-17 20:25:39',	'2018-05-17 20:25:39',	0),
(666,	493,	5,	0,	0,	0,	'短期大学',	'college_of_technology',	2000,	'2018-05-17 20:25:39',	'2018-05-17 20:25:39',	0),
(667,	493,	6,	0,	0,	0,	'各種学校',	'university_specify',	2000,	'2018-05-17 20:25:39',	'2018-05-17 20:25:39',	0),
(668,	493,	7,	0,	0,	0,	'高等専門学校',	'short_term_university',	2000,	'2018-05-17 20:25:39',	'2018-05-17 20:25:39',	0),
(669,	22,	1,	0,	0,	0,	'学生',	'student',	2000,	'2018-08-16 15:54:11',	'2018-08-16 15:54:11',	0),
(670,	22,	12,	0,	0,	0,	'エージェント',	'agent',	2000,	'2018-08-16 15:54:11',	'2018-08-16 15:54:11',	0),
(671,	25,	12,	0,	0,	0,	'事務局取りやめ',	'secretariat_cancel',	0,	'2019-02-08 04:58:35',	'2019-02-08 04:58:35',	0),
(672,	494,	1,	0,	0,	0,	'本館',	'main_building',	0,	'2019-02-13 16:52:40',	'2019-02-13 16:52:40',	0),
(673,	494,	2,	0,	0,	0,	'2号館',	'secondary_building',	0,	'2019-02-13 16:52:40',	'2019-02-13 16:52:40',	0);

-- 2019-02-22 18:48:11
